sen1	sen2	src	score
나는 두 시간마다 남자들을 끌고 가는 나의 일상 의식에 지쳐서 반얀나무 아래에 남아 있었다.	나는 두 시간마다 고양이를 모으는 나의 매일의 의식에 지쳐서 반얀나무 아래에 남아 있었다.	main-forum	3
미국에서는, 그것은 학교에 달려있을 것이다.	그것은 정말 학교와 프로그램에 달려 있다.	main-forum	3
또한 끈이 만들어진 그것도 있다.	이 영화의 유튜브 버전 또한 있다.	main-forum	0
당신은 또한 당신이 고객과 함께 배치될 수 없는 경우에도 지불 받지 않을 수도 있음을 의미합니다.	넌 할 수는 있지만 너는 교수가 아닐 수도 있다.	main-forum	0
나도 한 번은 이렇게 했다.	나도 이런 습관이 있다.	main-forum	2
그저 당신이 알고 있는 것에 당신의 대답을 근거해야 한다. 그것이 당신이 원하는 것이다.	당신은 그것을 원할지 모르지만, 당신에게 주어진 과정이 당신이 안에서 일해야 하는 것입니다.	main-forum	0
너는 걱정할 필요 없어.	너는 걱정할 필요 없어.	main-forum	5
네가 해야 해.	당신은 그것이 말하는 것을 해야 한다.	main-forum	3
상사에게 당신이 무엇을 하길 원하는지 물어보는 게 좋을 거예요.	당신은 상사에게 무엇을 해야 하는지 알려주는 대가로 돈을 받지 않기 때문에, 상사의 말을 들어야 한다.	main-forum	2
당신이 좋아하는 것과 그렇지 않은 것을 알기 위해서는 많은 것을 읽어야 합니다.	당신은 당신이 얼마나 원하고, 그리고 당신이 어떤 충족되지 않은 욕구와 함께 살 수 있는지 결정해야 한다.	main-forum	0
그것은 당신이 탱크에 무엇을 가지고 싶은가에 달려있다.	내 생각에는 그것이 네가 원하는 것에 달려있다.	main-forum	2
너도 할 수 있어.	그래, 넌 할 수 있어.	main-forum	5
네가 해야 해.	너도 할 수 있어.	main-forum	1
당신이 여기서 무엇을 얻고 싶은지 결정해야 한다.	당신이 무엇을 하고 싶은지 알아야 한다.	main-forum	4
당신에게 제안할 게 몇 가지 있습니다	당신에게 두 가지 제안을 드리겠습니다	main-forum	4
가장 솔직한 시작을 가지고 있는 것을 확실히 하기 위해 당신은 가장 큰 방에서 시작하고 싶습니다.	당신은 진료소에서 시작해야 할 것이다. 그리고 어쩌면 보험회사로 옮겨가야 할 것이다.	main-forum	1
만일 당신이 회의를 탈선시키고 싶지 않다면, 핵심은 크게 말하는 것입니다.	이 회의에서 당신이 해야 할 중요한 일은 듣는 것이다.	main-forum	1
불행히도 당신의 질문에 대한 답은 우리가 단지 모른다는 것입니다.	"당신의 질문에 대한 나의 대답은 ""아마도 아닐 것이다""입니다."	main-forum	1
가능한 한 빨리.	가능한 그것들을 빨리 시작하세요.	main-forum	4
그저 당신이 알고 있는 것에 당신의 대답을 근거해야 한다. 그것이 당신이 원하는 것이다.	그것은 다음에 당신이 무엇을 하고 싶은지, 그리고 당신이 그것을 하고 싶은 곳에 달려 있다.	main-forum	1
"두 질문에 대한 답은 ""그렇다""이다."	"당신의 두 질문에 대한 답은 ""예""입니다."	main-forum	5
이것에 답을 해주기 위해	이 질문에 제가 답하겠습니다	main-forum	4
불행히도 당신의 질문에 대한 답은 우리가 단지 모른다는 것입니다.	미안, 나는 너의 질문에 대한 답을 모른다.	main-forum	4
규칙은 - 의심이 있을 땐 그것을 버리는 것이다!	"나는 항상 규칙에 따라간다 ""의심할 때, 그것을 버리라!"	main-forum	4
이것은 좋은 생각이 아니다.	이것은 매우 나쁜 생각처럼 들린다.	main-forum	4
네, 당신의 여권을 갱신하는 것이 아마도 좋은 생각일 거예요.	그건 좋은 생각이야.	main-forum	3
그것은 아마도 고기의 절단에 달려있을 것이다.	그것은 고기가 어떻게 잘렸느냐에 달려있다.	main-forum	4
그것은 좋은 생각이 아니야.	그것은 좋은 질문이다.	main-forum	0
그것은 너에게 꽤나 달려있다.	그것은 물어보는 게 훨씬 낫지.	main-forum	0
네, 그러는 데는 이유가 있습니다.	그래, 그게 정확히 그런 뜻이야.	main-forum	1
당신의 직원들에게 물어보려고 해 보셨나요?	물어보려고 해봤어요?	main-forum	4
너희들은 이 모든 것을 너무 복잡하게 만들고 있어.	당신은 이것을 너무 복잡하게 만들고 있다.	main-forum	5
당신은 알 필요 없어.	당신은 아무것도 할 필요가 없다.	main-forum	2
고려해야 할 두 가지가 있다.	이것에 대한 두 가지 가능한 원인들이 있다.	main-forum	4
천천히 그것을 연구해라.	그것이 효과가 있는 것 같다.	main-forum	0
당신은 아마존에서 그것을 5달러에 살 수 있다.	당신은 이베이에서 25달러나 이상으로 그것을 살 수 있다.	main-forum	2
커피는 산성이기 때문에 커피는 단순히 냄비에서 알루미늄을 집어 들게 됩니다.	한 가지 아이디어는 커피포트에서 커피 잔여물을 청소하는 것이다.	main-forum	1
시작하는 두 가지 방법이 있다: 내리는 것과 뚝뚝 떨어트리는 것.	나무를 구부리는 두 가지 전통적인 방법이 있다.	main-forum	0
그와 함께 맞는 것을 찾기 전에 다양한 시도를 해야 할지도 모른다.	내 충고는 당신이 살 수 있는 다양한 커피들을 마셔보고 좋아하는 커피를 찾는 것입니다.	main-forum	2
그것은 좋은 생각이 아니야.	그것은 좋은 생각이 아니다.	main-forum	5
그저 당신이 알고 있는 것에 당신의 대답을 근거해야 한다. 그것이 당신이 원하는 것이다.	그들은 할 수 있지만, 그것을 하는 방법은 당신이 무엇을 이용할 수 있느냐에 달려 있다.	main-forum	1
네, 당신은 당신의 경험을 언급해야 합니다.	그래, 너는 그것을 언급해야 해.	main-forum	3
내가 이해한 바로는, 네가 할 수 있는 일이 바로 이것이다.	할 수 있겠어?	main-forum	2
이것들 좀 보세요	이것 좀 보세요	main-forum	5
나는 주로 두 가지에 달려 있다고 말하고 싶다.	나는 그것이 당신이 원하는 궁극적인 결과에 달려 있다고 말하고 싶다	main-forum	2
당신이 할 수 있는 일들 몇 가지	일부를 제외하고 네가 할 수 있는 많지 않은 일들:	main-forum	1
이것은 좋은 생각이 아니다.	하지만 그것은 좋은 생각이 아니다.	main-forum	5
지금까지의 답은 이미 좋은 것이지만, 하지만 저는 스위스 지도를 추가하고 싶습니다	이미 많은 답을 가지고 있지만, 나는 카레를 다른 해결책으로 추가하고 싶다.	main-forum	0
나는 비슷한 상황에 처해 있었다.	나는 비슷한 상황을 겪었다.	main-forum	5
나도 이런 같은 문제를 겪었어.	나도 이런 같은 문제를 겪었어.	main-forum	5
최댓값은 없습니다.	격리 기간이 없습니다.	main-forum	0
나는 이것이 그 질문에 적합한 장소인지 확신하지 못하겠습니다.	나는 이 질문이 로마인들 자신에게는 큰 의미가 있었을지 확신할 수 없다.	main-forum	2
그것은 다음에 당신이 무엇을 하고 싶은지, 그리고 당신이 그것을 하고 싶은 곳에 달려 있다.	다시 말하면, 그것은 당신이 어디로 가는지, 언제 어떻게 거기서 하는지에 달려 있다.	main-forum	4
당신이 좋아하는 것과 그렇지 않은 것을 알기 위해서는 많은 것을 읽어야 합니다.	네, 당신이 할 수 있는 일과 당신이 한 일을 보여주기 위해 포트폴리오 사이트를 만들어야 합니다.	main-forum	0
당신은 키 정보를 공개하지 않습니다.	아니, 너는 그렇지 않아.	main-forum	2
그것은 다음에 당신이 무엇을 하고 싶은지, 그리고 당신이 그것을 하고 싶은 곳에 달려 있다.	내 생각엔 네가 무엇을 하느냐에 따라 달라질 것 같아.	main-forum	3
그저 당신이 알고 있는 것에 당신의 대답을 근거해야 한다. 그것이 당신이 원하는 것이다.	당신이 당신의 일을 하기 위해 필요한 것을 가지고 있다는 것을 보는 것이 그의 일이다.	main-forum	0
그것은 다음에 당신이 무엇을 하고 싶은지, 그리고 당신이 그것을 하고 싶은 곳에 달려 있다.	그것은 당신이 무엇을 성취하고 싶은가에 달려있다.	main-forum	3
이것은 교수가 다루어야 할 문제이다.	이것은 큰 문제이다.	main-forum	1
이것은 매우 특이한 요청이다.	이것은 약간 이상하게 들린다.	main-forum	3
그것은 문제의 보조금에 크게 의존한다.	나는 그것이 그 지역에 매우 많이 의존한다고 생각한다.	main-forum	2
나도 같은 걸 갖고 있어.	나도 같은 문제를 겪었다.	main-forum	4
아니요, 그것은 당신의 등급에 영향을 미치지 않습니다.	아니, 그렇지 않아.	main-forum	0
"당신의 질문에 대한 나의 대답은 ""아마도 아닐 것이다""입니다."	"나는 당신의 질문에 대한 짧은 대답은 ""아니오""라고 생각한다."	main-forum	4
나는 그것이 어떤 엄청난 차이를 만든다고 생각하지 않는다.	나는 그것이 큰 차이를 만든다고 생각하지 않는다.	main-forum	4
그것은 그들이 무엇인지에 달려있다.	그것은 그들이 무엇을 평가하고, 어떻게 평가하느냐에 달려 있다.	main-forum	2
그것에 대해 당신이 할 수 있는 것은 많지 않다.	사워도우 발효종으로 당신이 할 수 있는 일이 많지 않다.	main-forum	2
당신은 당신 자신의 질문에 대답했어요.	당신은 당신 자신의 질문에 대답했습니다.	main-forum	5
그저 당신이 알고 있는 것에 당신의 대답을 근거해야 한다. 그것이 당신이 원하는 것이다.	너에 대한 답은 문제는 네가 어떤 상황에 처하게 될지 사실 모른다는 거야.	main-forum	2
이것은 좋은 생각이 아니다.	이것은 아마도 좋은 생각이 아닐 것이다. 하지만 나는 어쨌든 그것을 제안할 것이다.	main-forum	2
당신이 할 수 있는 최선의 일은 당신의 것들을 아는 것이다.	내 권고는 아무 말도 하지 말고, 할 수 있는 한 최선을 다하는 것이다.	main-forum	0
나는 주로 두 가지에 달려 있다고 말하고 싶다.	당신이 어떤 조건을 가지고 있느냐에 따라 달라진다고 말하고 싶다.	main-forum	2
당신은 알 필요 없어.	당신은 그것을 양념하기 위해 아무것도 할 필요가 없다.	main-forum	0
나도 같은 걸 갖고 있어.	나는 같은 상황을 가지고 있고 광범위하게 여행했다.	main-forum	2
그것은 좋은 생각이 아니야.	나는 그것이 좋은 생각이라고 생각하지 않는다.	main-forum	4
당신은 올바른 길에 있다.	당신은 바로 그 표식에 있다.	main-forum	4
이건 네 질문에 대답하지 않아, 하지만	이것은 당신의 질문에 대한 부분적인 대답이다	main-forum	1
제가 어떻게 이것에 대해 진행해야 하나요?	그래서 제가 어떻게 해야 할까요?	main-forum	4
이 페이지가 당신의 질문에 답하나요?	이게 당신의 질문에 답해주나요?	main-forum	4
너도 그것을 사용할 수 있어.	너는 연습을 위해 여전히 사용할 수 있습니다.	main-forum	2
그것은 진짜 고용주가 그것을 어떻게 문서화하느냐에 달려 있다.	그건 네가 어떻게 말하는지에 달려있다.	main-forum	2
나도 이런 같은 문제를 겪었어.	저는 술집에서 일하면서 이런 문제가 있었어요.	main-forum	2
당신이 좋아하는 것과 그렇지 않은 것을 알기 위해서는 많은 것을 읽어야 합니다.	당신은 좋은 이야기를 해야 하고, 때때로 그렇게 하기 위해서는 현실/역사를 수정해야 한다.	main-forum	0
그것은 다음에 당신이 무엇을 하고 싶은지, 그리고 당신이 그것을 하고 싶은 곳에 달려 있다.	그것은 당신이 무엇을 할 수 있기를 원하는가에 달려있다.	main-forum	3
네, 당신은 캐나다에 세금 신고서를 제출해야 합니다.	과세소득이 없는 경우 캐나다에 당신은 세금 신고서를 제출할 필요가 없습니다.	main-forum	1
나는 왜 이 이것에 문제가 있어야 하는지 모르겠다.	나는 왜 그것이 문제가 되어야 하는지 모르겠다.	main-forum	5
이게 당신이 찾고 있는 것이길 바라요.	당신이 찾고 있는 것이 훨씬 더 높다면, 그들은 그림을 얻는다.	main-forum	1
당신이 할 수 있는 최선의 일은 당신의 것들을 아는 것이다.	가장 좋은 방법은 그 난잡함을 극복하는 것이다.	main-forum	0
그것은 요리와 당신이 실수를 하는 단계에서 그것이 얼마나 편리한가에 달려있다.	그것은 소스와 당신이 원하는 결과에 달려 있다.	main-forum	2
그저 당신이 알고 있는 것에 당신의 대답을 근거해야 한다. 그것이 당신이 원하는 것이다.	당신은 당신에게 옳은 일을 해야 한다.	main-forum	2
아마 당신은 지금 당장은 기회가 없을 거야.	고마워요, 지금 당장 질문은 없습니다 말하는 것	main-forum	0
그것은 정말 중요하지 않다.	그것이 정말로 멀리 떨어져 있지 않는 한 그것은 중요하지 않다.	main-forum	3
네가 모든 걸 알 필요는 없어.	당신은 알 필요 없어.	main-forum	3
나는 당신이 마이키(1992)를 찾고 있다고 생각한다.	내 생각에 넌 영화를 찾고 있는 것 같아	main-forum	3
그것은 전혀 차이를 만들지 않는다.	아니, 그것은 아무런 차이도 만들지 않는다.	main-forum	5
나는 이 질문을 하는 것이 괜찮다고 생각한다.	나는 그 질문을 해도 괜찮다고 생각한다.	main-forum	5
나는 여기서 매우 직접적으로 할 것이다.	나는 직설적으로 말할 거야, 여기. 넌 아니야.	main-forum	4
그저 당신이 알고 있는 것에 당신의 대답을 근거해야 한다. 그것이 당신이 원하는 것이다.	그래, 넌 네가 정확히 하고 싶은 대로 할 수 있어.	main-forum	1
네가 해야 해.	넌 먼저 최고가 되어야 해.	main-forum	0
그것에 대해 당신이 할 수 있는 것은 많지 않다.	유감스럽게도 당신이 할 수 있는 일이 별로 없습니다.	main-forum	5
어떤 종류의 단열재죠?	어떤 층들이 위에 있나요?	main-forum	0
그것은 전적으로 당신의 회사와 당신의 계약에 달려있다.	내 생각에 그것은 당신의 계약의 본질에 달려있다.	main-forum	4
당신은 당신 자신의 질문에 대답했어요.	이미 당신은 당신의 질문에 대답했잖아요.	main-forum	5
나는 거기에 어떤 것도 있다고 생각하지 않는다.	나는 거기에 보편적인 용어가 전혀 없다고 생각한다.	main-forum	3
네가 할 수 있는 몇 가지가 있다.	개인적인 차원에서 할 수 있는 몇 가지 최소한적으로 효과가 있는 일들이 있다.	main-forum	3
이것이 내가 가장 유용하다 생각한 팁이다:	이와 같은 것은 유용합니다.	main-forum	3
그게 내가 믿는 거야.	그래, 나는 그것이 좋은 생각이라고 믿는다.	main-forum	2
당신이 어떻게 해야 할지 모르겠다면, 전혀 하지 마세요.	만약 그렇지 않다면, 그렇게 하지 말고 당신이 하고 싶은 일과 함께 그 시간을 보내세요.	main-forum	1
그것은 모두 그녀의 머릿속에 있다.	그것은 모두 접착에 관한 것이다.	main-forum	0
당신이 어떻게 해야 할지 모르겠다면, 전혀 하지 마세요.	만약 여러분이 그것을 할 매우 강력한 과학적 이유가 없다면, 하지 마세요.	main-forum	2
당신이 좋아하는 것과 그렇지 않은 것을 알기 위해서는 많은 것을 읽어야 합니다.	당신이 무엇을 하고 싶은지 알아야 한다.	main-forum	0
나는 당신이 그것을 할 수 있다고 말하고 싶지만, 그것은 추천이 되지는 않을 것이다.	개인적으로, 나는 그것이 당신에게 적합하지 않는 한이라고 말할 것이다.	main-forum	2
할 수 있겠어?	네가 할 수 있겠어?	main-forum	5
물론, 나는 이 여행을 해봤다.	나는 이것을 수십 번도 더 해 왔다.	main-forum	3
너도 그것을 사용할 수 있어.	너도 할 수 있어.	main-forum	3
너는 그걸 어떻게 하는데?	어떻게 하면 되죠?	main-forum	5
나는 도움이 될 만한 기사를 찾았다 : htt : / / www.dsattorney.com / qa-pseudonyms-in-contracts /	나는 당신에게 도움이 될 만한 링크를 찾았어요	main-forum	3
나는 당신이 그것을 할 수 있다고 말하고 싶지만, 그것은 추천이 되지는 않을 것이다.	나는 그것을 아는 것이 불가능하다고 말할 것이다. 그러니 위험을 감수하지 마라.	main-forum	2
불행히도 당신의 질문에 대한 답은 우리가 단지 모른다는 것입니다.	당신의 질문에 대한 답은 '사실 아니다'입니다.	main-forum	1
당신이 어떻게 해야 할지 모르겠다면, 전혀 하지 마세요.	당신은 그러지 않아, 그것은 안 통할 거야.	main-forum	1
그것은 또한 맛의 문제이다.	그것은 확실히 단지 선호의 문제이다.	main-forum	5
그것은 좋은 생각이 아니야.	그것은 둘 다에게 좋은 생각이다.	main-forum	1
이 답은 미국에서 학부 수학을 가르치는 나의 경험에 근거한다.	이 답은 내가 참고문헌을 위해 연구하지 않은 경험에 근거한다.	main-forum	2
네가 해야 한다고 생각되는 몇 가지가 있다.	당신이 해야 할 일이 꽤 있다	main-forum	4
먼저 당신은 그 지역을 청소하고 싶을 것이다.	여러분은 또한 씨앗을 제거하기를 원할 것입니다.	main-forum	0
그것은 당신이 탱크에 무엇을 가지고 싶은가에 달려있다.	그것은 당신이 무엇을 성취하고 싶은가에 달려있다.	main-forum	2
당신이 고려할 수 있는 몇 가지 옵션들이 있습니다.	당신에게 좋지 않게 흘러갈 수 있는 많은 방법들이 있다.	main-forum	1
너는 걱정할 필요 없어.	당신은 티켓이 하나 있기 때문에 걱정할 필요가 없다.	main-forum	3
베트남 시민들은 미국을 방문하기 위해 비자가 필요하다.	네팔 시민들은 영국을 방문하기 위해 비자를 필요로 한다.	main-forum	1
그것은 어떻게 사용되느냐에 달려있다.	그것은 얼마나 그것이 오래 나가 있었느냐에 달려있다.	main-forum	1
나는 왜 이 이것에 문제가 있어야 하는지 모르겠다.	나는 왜 이것이 문제가 될 수 있는지 모르겠다.	main-forum	5
그것에 대해 당신이 할 수 있는 것은 많지 않다.	나는 정말로 네가 그것에 대해 할 수 있는 것이 많이 있다고 생각하지 않는다.	main-forum	5
제대로 짚었구나.	그래, 너는 받았어.	main-forum	5
그저 당신이 알고 있는 것에 당신의 대답을 근거해야 한다. 그것이 당신이 원하는 것이다.	기억하라, 우리가 말하고 있는 것은 당신의 학위라는 것이다, 당신이 무엇을 하고 싶은지 당신에게 달려있다.	main-forum	0
너는 그걸 어떻게 하는데?	네가 어떻게 그걸 할 건데?	main-forum	4
나는 비슷한 상황에 처해 있었다.	나는 비슷한 상황에 처해있다.	main-forum	4
당신의 뚜껑은 무엇으로 만들어졌나요?	당신의 논문은 무엇에 쓰입니까?	main-forum	0
당신은 어떤 비자도 필요 없어요.	당신은 소스가 전혀 필요하지 않아.	main-forum	0
그것은 당신의 문제지 당신의 상사의 문제가 아니다.	문제를 해결하기 위해 상사와 팀과 협력하십시오.	main-forum	2
그것은 다음에 당신이 무엇을 하고 싶은지, 그리고 당신이 그것을 하고 싶은 곳에 달려 있다.	다음에 하고 싶은 일은 당신에게 달려 있다.	main-forum	4
고려해야 할 두 가지가 있다.	고려해야 할 몇 가지 사항들:	main-forum	5
그것은 전적으로 당신의 회사와 당신의 계약에 달려있다.	그것은 당신의 회사에 달려있다.	main-forum	3
나무는 아마도 썩지 않았을 것이다. 그것은 그냥 지쳐있다.	그것은 단지 지쳐있고 안전하지 않다.	main-forum	3
음, 나는 그것을 내 CV에 붙이지 않을 것이다.	나는 이 일을 이력서에 올리지 않을 것이다.	main-forum	4
이건 정말 멋진 거야.	이것은 어려운 것이다.	main-forum	1
"두 질문에 대한 답은 ""그렇다""이다."	당신의 제목에 있는 두 가지 질문에 직접 답하기 위해서.	main-forum	0
네, 당신이 제안하는 것을 하지 않는 데는 이유가 있습니다.	당신이 느끼는 것처럼 느낄 타당한 이유이지만 사임할 이유는 아닙니다.	main-forum	2
나는 그것이 프로그램에 달려있다고 생각한다.	그것은 어떻게 그 용어가 사용되느냐에 달려있다 나는 생각한다.	main-forum	2
할 수 있겠어?	그래서, 너 이거 할 수 있겠어?	main-forum	5
나는 일반적인 대답이 없다고 생각한다.	나는 이것에 대한 해답이 있다고 생각하지 않는다.	main-forum	4
네가 할 수 있는 몇 가지가 있다.	네가 시도할 수 있는 몇 가지가 있다.	main-forum	5
핵심은 당신이 당신과 당신의 목표에 도움이 되는 무언가를 찾아야 한다는 것이다.	당신은 그것을 원할지 모르지만, 당신에게 주어진 과정이 당신이 안에서 일해야 하는 것입니다.	main-forum	1
당신은 알 필요 없어.	당신은 B에서 연구할 장비 / 시설이 없습니다.	main-forum	0
나는 네가 너의 리뷰를 꽤 많이 했다고 생각한다.	당신은 당신 자신의 질문에 꽤나 많이 대답을 했습니다.	main-forum	2
네가 해야 한다고 생각되는 몇 가지가 있다.	내가 이해할 수 없는 몇 가지가 있다.	main-forum	0
탄수화물과 지방보다 단백질을 소화시키는데 당신은 칼로리를 더 많이 태운다.	땀을 많이 흘릴수록 칼로리와 지방을 더 빨리 태울 수 있다.	main-forum	2
그것은 다음에 당신이 무엇을 하고 싶은지, 그리고 당신이 그것을 하고 싶은 곳에 달려 있다.	그것은 당신이 말하고/함축하고 싶은 것에 달려 있다.	main-forum	1
제대로 짚었구나.	제대로 짚었구나.	main-forum	5
당신은 당신 자신의 질문에 대답했어요.	당신은 당신 자신의 질문에 꽤나 많이 대답을 했습니다.	main-forum	5
나도 같은 걸 갖고 있어.	나는 너와 같은 문제를 가지고 있었다.	main-forum	3
네, 그것엔 화학적 차이가 있습니다.	네, 그러는 데는 이유가 있습니다.	main-forum	0
그들은 약간 수준 밖일 수 있지만, 평평한 것은 중요하다.	네, 비록 그들이 약간 신맛이 날 수는 있지만요.	main-forum	0
나는 이것을 볼 것이다: 미국.	나는 이렇게 볼 것이다:	main-forum	2
당신은 올바른 길에 있다.	넌 올바른 길에 있어.	main-forum	5
만약 당신이 안 그랬다면, 당신은 그래야 한다.	넌 그래야 하지만, 넌 그럴 필요 없어.	main-forum	1
그래, 그게 흔한 일이야!	"간단한 대답은 ""예""입니다!"	main-forum	3
나는 거기에 어떤 것도 있다고 생각하지 않는다.	나는 그것에 어떤 혜택도 없다고 생각한다.	main-forum	3
나 한태는 당신이 원하는 것에 대해 설정되어 있는 것으로 보입니다.	당신이 그것을 하고 싶은지는 당신에게 달려 있다.	main-forum	2
문제는, 그 시스템이 돈이나 직함에 대해 덜 신경 쓸 수 있는 사람들을 위하지 않는다는 것이다.	그 조커는 돈에 대해 신경 쓰지 않는다.	main-forum	1
첫 번째 경우는, 나는 당신이 그것을 필요로 하지 않는다고 생각한다.	그래서 나는 네가 그것을 표지에 올릴 필요가 있다고 생각하지 않아.	main-forum	1
양식 점검 없이는 이 질문에 대답할 수 없다.	이 질문에 대한 완전한 답을 제공하는 것은 불가능하지는 않더라도 어렵다.	main-forum	2
당신은 이력서에 이것을 추가해야 합니다. 왜냐하면 그것은 당신이 가져본 유일한 직책이기 때문입니다.	이것은 당신이 정말로 XXX에 대한 전문 지식을 가지고 있다고 주장할 수 있는 기회를 제공합니다.	main-forum	2
천천히 그것을 연구해라.	당신은 그것에 대해 천천히 작업하는군요.	main-forum	4
아니, 너는 빵 기계가 필요하지 않아.	너는 걱정할 필요 없어.	main-forum	0
예, 모델 분석에 관한 논문을 발표하는 것은 가능합니다.	네, 동료 검토 저널에 게시하는 것은 어렵습니다.	main-forum	1
그저 당신이 알고 있는 것에 당신의 대답을 근거해야 한다. 그것이 당신이 원하는 것이다.	그래서 만약 그것이 당신이 필요로 하는 것이라면, 당신은 그것에 대해 분명히 해야 한다.	main-forum	1
네, 당신은 당신의 경험을 언급해야 합니다.	그래, 너는 이력서를 만들어야 해.	main-forum	2
나는 네가 시험을 치른 것이 좋다고 생각한다.	나는 그것이 훌륭한 계획이라고 생각한다.	main-forum	2
당신은 알 필요 없어.	그 외에는 당신은 세금 문제가 없다.	main-forum	0
네, 이것에 반하는 규칙이 있습니다.	그것에 반대하는 규칙은 없다.	main-forum	1
당신의 목표들은 무엇인가요?	당신의 목표들은 무엇인가요?	main-forum	5
난 여기서 불리한 입장에 처했어.	나는 여기서 매우 직접적으로 할 것이다.	main-forum	2
스위스에 대한 장기 체류 비자가 유효하다면, 통과 비자가 필요하지 않을 것이다.	당신은 통과 비자가 필요하지 않지만 취리히에 들어가려면 비자가 필요할 것이다.	main-forum	2
몇 가지 더 생각해 볼 점은	몇 가지 생각해볼 것들은	main-forum	5
이제 너는 모든 대답에 완벽할 필요는 없다.	당신은 알 필요 없어.	main-forum	2
유감스럽게도 우리는 이번 건에서는 운이 다한 것 같다.	나는 이것이 당신이 그저 운이 없는 그런 것들 중 하나라고 생각한다.	main-forum	5
요점은 당신이 원하는 것을 알고 그것을 요구하는 것을 두려워하지 말라는 것이다.	그것은 당신이 무엇을 해야 하고 다른 사람들이 무엇을 하도록 해야 하는지를 결정하는 것이 더 낫다.	main-forum	0
그것은 상황에 따라 다르다.	이것은 기관에 따라 다르다.	main-forum	4
나도 같은 걸 갖고 있어.	나도 같은 문제가 있다.	main-forum	4
나도 같은 걸 갖고 있어.	나는 정확히 같은 문제를 가지고 있다.	main-forum	4
당신은 올바른 길에 있다.	당신이 표본 정의에 대해 맞습니다.	main-forum	0
프라이머/페인트는 효과가 없을 것이다.	아니, 그것은 효과가 없을 것이다.	main-forum	2
당신이 할 수 있는 최선의 일은 당신의 것들을 아는 것이다.	당신이 할 수 있는 최선의 일은 보류된 상태에서 다른 흥미로운 일을 찾는 것이다.	main-forum	2
그것은 또한 맛의 문제이다.	그것은 대부분 맛의 문제이다.	main-forum	5
나는 비슷한 상황에 처해 있었다.	개인적으로 내가 비슷한 상황에 있을 때 나는 그 몇 개의 카드와 선물을 보냈다.	main-forum	2
너도 그것을 사용할 수 있어.	그래, 넌 할 수 있어.	main-forum	3
당신이 여기서 무엇을 얻고 싶은지 결정해야 한다.	당신은 당신에게 어떤 게 효과가 있는지 알아내야 한다.	main-forum	4
그것은 그들이 무엇인지에 달려있다.	그것은 어떻게 사용되느냐에 달려있다.	main-forum	1
나는 너와 같은 문제를 가지고 있었다.	나는 방금 같은 문제를 겪었다.	main-forum	5
만약 당신이 정말로 그것을 원한다면, 당신은 당신을 위해 그 장소를 얻기 위해 기관에 돈을 지불해야 할지도 모른다.	아마도 당신은 여행사에 가서 할 수 있을 것 같지만 비용이 들 것이다.	main-forum	2
네가 모든 걸 알 필요는 없어.	그들은 단지 당신이 그것을 알기를 원하지 않는다.	main-forum	1
또한 여러분의 이야기에서 일관성을 유지하는 것이 유용합니다.	그 이야기를 당신의 한계 범위에 두는 것이 중요하다.	main-forum	2
나는 그것이 단지 습관이라고 생각한다.	나는 그것이 나쁜 생각이라고 생각한다.	main-forum	1
그것은 좋은 생각이 아니야.	아니, 그건 좋은 일이 아니야.	main-forum	4
나는 그것이 나쁜 생각이라고 생각하고 있다.	나는 그것이 나쁜 생각이라고 생각한다.	main-forum	5
그것은 다음에 당신이 무엇을 하고 싶은지, 그리고 당신이 그것을 하고 싶은 곳에 달려 있다.	발을 어디서 어떻게 두고 싶은지 선택하고 해야 한다.	main-forum	1
당신에게 문제가 생겼군요.	이것은 큰 문제이다.	main-forum	4
불행히도 당신의 질문에 대한 답은 우리가 단지 모른다는 것입니다.	대화가 일에 관한 것이 아니라면, 여러분은 자신의 질문에 대한 답이 무엇인지 알고 있습니다.	main-forum	2
불행히도, 이 질문은 그것의 전체적 일반론에서 답할 수 없다.	이것은 일반적으로 대답될 수 없다.	main-forum	4
나는 개인적으로 그 멍청이를 조심할 것이다.	나는 그 바보 같은 멍청이를 보는 것을 추천할 것이다.	main-forum	2
나는 일반적인 대답이 없다고 생각한다.	나는 그것에 하나의 정의가 있다고 생각하지 않는다.	main-forum	4
그것은 좋은 생각이 아니야.	좋은 생각이 아니야.	main-forum	5
당신은 어떤 비자도 필요 없어요.	너는 걱정할 필요 없어.	main-forum	0
당신이 여기서 무엇을 얻고 싶은지 결정해야 한다.	당신이 원하는 모든 정보를 얻기 위해서는 당신은 다양한 블로그를 읽어야 할 것이다.	main-forum	0
나는 너와 같은 문제를 가지고 있었다.	나는 정확히 같은 문제를 가지고 있다.	main-forum	5
"당신의 질문에 대한 나의 대답은 ""아마도 아닐 것이다""입니다."	당신의 질문에 대한 답은 '사실 아니다'입니다.	main-forum	4
네가 해야 해.	너는 절대 그렇게 하면 안 돼.	main-forum	1
나는 너와 같은 문제를 가지고 있었다.	나도 같은 문제를 가지고 있었다.	main-forum	4
이게 당신이 찾고 있는 것이길 바라요.	이게 당신이 찾는 종류의 것인가요?	main-forum	4
고려해야 할 두 가지가 있다.	나는 고려해야 할 두 가지 중요한 것이 있다고 생각한다:	main-forum	5
그것은 너에게 꽤나 달려있다.	그건 너에게 달렸다.	main-forum	5
네가 할 수 있는 몇 가지가 있다.	당신이 고려해야 할 몇 가지가 있습니다	main-forum	4
이것과 이와 유사한 모든 질문에 대한 답은 두 단계로 나뉩니다 :	"두 질문에 대한 답은 ""그렇다""이다."	main-forum	1
양식 점검 없이는 이 질문에 대답할 수 없다.	이것은 당신의 질문에 대한 부분적인 대답이다	main-forum	0
네가 할 수 있는 몇 가지가 있다.	네가 해야 한다고 생각되는 몇 가지가 있다.	main-forum	3
그것은 다음에 당신이 무엇을 하고 싶은지, 그리고 당신이 그것을 하고 싶은 곳에 달려 있다.	그것은 당신이 무엇을 하고 어디로 갈 것인가에 달려 있다.	main-forum	4
몇 가지 가능한 이유들이 있다.	페인트가 주름이 지는 몇 가지 이유가 있다.	main-forum	3
세 가지 선택권이 있다.	세 가지 옵션만 있습니다.	main-forum	5
그러니 이런 식으로 생각해.	이런 식으로 생각해 봐.	main-forum	5
어쩌면 이게 당신에게도 통할 수 있을 것이다.	어쩌면 이것은 당신에게 효과가 있을 수 있다.	main-forum	5
그것은 다음에 당신이 무엇을 하고 싶은지, 그리고 당신이 그것을 하고 싶은 곳에 달려 있다.	그들은 할 수 있지만, 그것을 하는 방법은 당신이 무엇을 이용할 수 있느냐에 달려 있다.	main-forum	1
전자레인지가 당신에게 가장 좋은 선택일 것이다.	당신의 최선의 선택은 연구이다.	main-forum	0
미국에서는, 그것은 학교에 달려있을 것이다.	이것은 대학에 달려있을 것이다.	main-forum	4
그것은 좋은 생각이 아니야.	그것은 단지 좋은 생각이 아니라, 훌륭한 생각이다.	main-forum	1
네가 해야 한다고 생각되는 몇 가지가 있다.	개인적인 차원에서 할 수 있는 몇 가지 최소한적으로 효과가 있는 일들이 있다.	main-forum	4
나도 이런 같은 문제를 겪었어.	나도 같은 상황이었어.	main-forum	3
이것은 좋은 생각이 아니다.	좋은 생각이 아니야.	main-forum	5
나는 이미 받아들여진 답이 있다는 것을 깨달았지만, 나는 내 2센트를 더할 것이라고 생각한다.	나는 이것이 오래된 질문이라는 것을 알지만, 나는 내 2센트를 더해야 한다고 느낀다.	main-forum	5
네, 당신이 제안하는 것을 하지 않는 데는 이유가 있습니다.	네, 그것엔 화학적 차이가 있습니다.	main-forum	0
네, 적어도 한 가지는 알고 있습니다.	내가 알기로는, 시간이 조건이 없는 것으로 알고 있습니다.	main-forum	1
너는 걱정할 필요 없어.	당신은 그것을 양념하기 위해 아무것도 할 필요가 없다.	main-forum	0
그것이 봉인되었는지 아닌지를 당신에게 알려줄 수 있는 테스트는 없다.	당신이 이것을 할 수 없다는 것을 말해주는 코드는 없다.	main-forum	0
그래, 너는 이력서를 만들어야 해.	그래, 너는 너의 교수와 이야기해야 해.	main-forum	0
당신은 전혀 의무감을 느껴서는 안됩니다.	당신은 소스가 전혀 필요하지 않아.	main-forum	0
나도 이런 같은 문제를 겪었어.	나는 전에 이 문제를 겪었다.	main-forum	4
당신은 실험하고 당신이 좋아하는 것을 찾아야 할지도 모른다.	당신은 당신에게 어떤 게 효과가 있는지 알아내야 한다.	main-forum	5
"당신의 질문에 대한 나의 대답은 ""아마도 아닐 것이다""입니다."	이것은 당신의 질문에 대한 부분적인 대답이다	main-forum	1
여기서 깨달아야 할 중요한 것은 사람들이 그들의 일을 하도록 만드는 것이 당신의 일이 아니라는 것이다.	그들이 그 일을 할 자격을 갖춘 사람을 어떻게 찾을지는 당신의 문제가 아니다.	main-forum	1
그 질문에 대한 직접적인 대답이 아니지만 고려해야 할 것이 있다.	당신의 질문에 대한 진짜 대답은 아니지만, 어쩌면 도움이 될지도 모른다.	main-forum	4
이것에 대한 두 가지 가능한 원인들이 있다.	당신에게는 두 가지 선택권이 있습니다	main-forum	1
나는 다른 의견들에 동의한다.	나는 이전의 의견들에 동의한다.	main-forum	5
"두 질문에 대한 답은 ""그렇다""이다."	"이 질문들 중 어느 것에 대한 답이 ""예""라면, 박사 학위는 여러분에게 가치 있는 것일 수 있습니다."	main-forum	3
그것은 오히려 당신이 어느 나라에 있는지에 달려 있다.	그것은 당신이 어느 나라에 있는지에 달려 있다.	main-forum	5
이것은 끔찍한 생각이다.	이것은 나쁜 생각이다.	main-forum	5
실제 보건 전문가들의 증언은 어떨까요?	"또한, 누가 거기에 ""진짜""건강 전문가의 증언이 없다고 말할 것인가?"	main-forum	3
“그러고 나서 선장은 가버렸지.	그때 선장이 돌아왔다.	main-forum	0.8
그 문제는 그것보다 더 간단하다.	문제는 간단하다.	main-forum	3.8
부정적인 정찰 요구 사항	태평양의 요구 사항	main-forum	1
"그래서, 나는 지금 당장, 너에게 질문을 던질 것이다 : ""마크스는 어디 있는가?""?"	"저는 여러분께 질문을 하고자 합니다. ""어디서 쇠고기가 나왔습니까?"""	main-forum	0.4
네가 나에게 부정적인 것을 증명해보라고 부탁하는 것 같아?	지금 나한테 부정적인 걸 증명해 보라는 거야?	main-forum	4.6
나는 의학적 사용에 대해 괜찮다!	나는 의학적 사용에 대해 괜찮다!	main-forum	5
당신이 필요로 하는 모든 것에 대한 가격은 인플레이션 때문에 상승했다.	당신이 소유한 모든 IE 자산의 가격이 하락했다.	main-forum	2
중동에서의 전쟁	중동에서의 전쟁	main-forum	5
원래 비엔나가 게시한 것은 그것이 어떻게 권위주의적인가?	원래 자프가 게시한 것은 포기한다.	main-forum	0.6
'백색과 % 검정색'이 있는 곳을 상상해 보세요.	남성과 여성 비율이 높은 장소를 상상해 보라.	main-forum	1
공정한 재판을 받을 가능성은 없다.	공정한 재판을 받을 가능성은 없다.	main-forum	5
열반은 망각과 매우 다르다.	니르바나는 망각이 아니다.	main-forum	3.6
영국은 미국인과 다르게 생각한다.	원래 영국의 자프가 게시한 글은 미국인과 다르게 생각한다.	main-forum	4
"만약 당신이 ""예""라고 대답하고 ""아니오""라고 대답한다면, 아마도 당신은 정직할 것이다."	만약 당신이 거절에 대답하지만 그렇다고 대답한다면 당신은 아마 이성애자일 것이다.	main-forum	3.1
지구 전체가 합쳐져 수십억의 사람들을 위한 충분한 식량을 생산한다.	누가 지금 그것을 10억 달러에만 생산하고 있는가?	main-forum	2.2
그는 그 당시에 적절한 연기를 했다.	그 당시에 적절한 연기를 했나?	main-forum	3.2
이봐, 블루아이스, 런던은 어때?	스무쉬가 달렸다. 어이, 블루아이스, 런던은 어때?	main-forum	4.4
하지만 뉴스 방송에서 나는 그들이 그를 백인이라고 부르는 것을 보았다.	"그러나 그들이 그를 백인이라고 부르지 않는다면 ""영향""이 덜 될 것 같습니다."	main-forum	2.2
여자 친구와 짐머맨에 따르면, 그는 그렇게 했다.	짐머만에 따르면 그는 그랬다.	main-forum	2.4
부모님께서는 당신에게 나쁘다고 말씀하셨어요.	선생님들이 당신에게 나쁘다고 말씀하셨어요.	main-forum	2.8
.나지는 nswp의 속어이다.	원래 Odins Eye .Nazi가 게시한 것은 NSWP의 속어입니다.	main-forum	4.6
나는 사형제도에 반대한다.	이것이 내가 사형제도를 지지하는 이유이다.	main-forum	1
뭐, 어쨌든, 지금 당신은......”.	뭐, 어쨌든, 넌 지금 그걸 알고 있어.	main-forum	2.2
그들은 내가 먹을 수 있는 것을 전혀 생산하지 않는다.	"먹을 수 없는 모든 것을 생각하거나, 착용하거나, ""에서 살 수 있습니다."	main-forum	2.2
딕샷 매트 홀리데이 소유	매트 홀리데이는 , 이 모두를 소유하고 있다.	main-forum	3.8
사람들은 법을 이용했다.	사람들은 법을 어겼다.	main-forum	2.8
우습게도, 나는 수학에 대해서도 같은 생각을 했다.	그리고 여기서 나는 내가 수학을 좀 알고 있다고 생각했다.	main-forum	2.2
"나는 수년 동안 ""너너 네너""를 가지고 있다.나는 상추를 사용한다."	"나는 수년간의 ""네너 네너""의 권리를 가지고 있다."	main-forum	2.6
"난 모든 것을 ""유대인을 싫어한다""로 접두사나 접미사는 안해"	유대인을 싫어하는 모든 것을 미리 고치거나 부풀리는 것을 멈춰야 한다.	main-forum	3
나는 나무로 만든 것이 그녀에게 나무가 우거진 것이냐고 물었다.	나는 적어도 삼인조가 문제거리가 아닌지 물었다.	main-forum	4.8
그것은 여전히 말이 안된다.	말이 안 되는 사람은 바로 너야.	main-forum	1.4
더 비싼 집들.	더 비싼 차들	main-forum	1.2
"마틴은 ""왜 날 따라오고 있는 거야?"""	"짐머만은 ""여기서 뭐 하는 거야?"""	main-forum	0.8
TAFB와 Sab의 위성 강도 추정치는 t에 불과하지만 /	타프브와 사브의 주관적인 dvorak 강도 추정치는 KT로 증가하였다.	main-forum	2
"""요정은 존재하지 않는다"" - 좋아."	"""새티어는 존재하지 않는다"" - 좋아."	main-forum	1.2
내가 뭘 알고 싶은지 알고 싶어?	그게 내가 호기심을 느끼는 것이다.	main-forum	2.8
내가 언제 호모 섹스우아티와 발달 장애를 비교했니?	나는 호모 공포증과 발달 장애를 비교했다.	main-forum	2.6
만약 당신이 보수주의자들에게 물으면, 그 숫자들은 오른쪽으로 치우쳐질 것이다.	만약 당신이 진보주의자라고 한다면, 숫자는 왼쪽으로 치우쳐질 것이다.	main-forum	2.6
그 게시물 이전에는 PFA에 대해 언급하지 않았다.	나는 또한 접근 금지 명령을 언급하지 않았다.	main-forum	0.8
람블린'은 냇 킹 콜에 의해 성장했다.우리는 모두 많은 불가사의로 가득 찬 배들이다.	호랑이의 눈은 우리 모두는 많은 불가사의로 가득 찬 배들이다.	main-forum	2.4
전년도 부터.	전년도의 온난화.c.	main-forum	3
여전히 이 쇼를 좋아한다.	거룩한 똥, 이 쇼.	main-forum	1
그들의 광대한 재산은 정부로부터 보호받고 있다.	그들의 큰 재산은 정부로부터 보호받고 있다.	main-forum	3.2
기본적 차이 ?	근본적인 차이?	main-forum	4.6
WW의 어리석음 때문에 독일이 정확히 처벌받고 있는 것일까?	정확히 그들이 어떻게 처벌받고 있는거지?	main-forum	1.4
Z는 그를 스토킹하고, 그를 쐈다.	짐머맨이 그를 스토킹하고 쏘았다고 주장하셨죠.	main-forum	3
나는 분노하지 않아, 실망했어.	신이여, 나는 분노하지 않았다, 나는 실망했다.	main-forum	5
애초에 우리는 거기서 빠져나오지 못했어!	애초에 그 돈은 어디서 났을까?	main-forum	0.8
언론의 자유는 결과를 낳는다!	만약 언론의 자유가 결과를 가져온다면, 그것은 자유롭지 않다.	main-forum	2.11111111111111
네 명을 구하기 위해 한 명을 죽일 수 있다면, 그럴 수 있겠니?	내가 사람을 구하기 위해 죽일것에 관해서는, 나는 전혀 모른다.	main-forum	2
그것은 도덕적으로 강요하지 않는다.	그것은 법을 제정하고 있다.	main-forum	1.1
그것은 당신이 극단을 어떻게 정의하느냐에 달려 있다.	"""극단적인""을 정의하는 방법에 따라 달라진다."	main-forum	5
적어도 멕시코는 캘리포니아에 존재했다.	멕시코는 캘리포니아에 대한 소유권이 없다.	main-forum	1.2
그래서 네, 우리는 기독교에 대해 배우기 위해 성경을 읽었습니다.	개인적으로 나는 기독교에 대해 배우기 위해 성경을 읽을 것이다.	main-forum	3
아하하하하하하하하하하하하하하하하!	하, 하, 하, 하, 하, 하!	main-forum	4.5
그래서 나한테 소리지르고 내 질문에 대답을 거부하는 거야?	아직도 내 질문에 대답을 거부하는가?	main-forum	3.4
당신은 너무 많은 규제를 가지고 있고, 너무 적지 않다.	당신은 자유시장에 많은 개입을 해야 한다.너무 적지 않다.	main-forum	3.8
연말에 랜스 버크먼과 계약할 수 있는 인간적인 요소인 것 같은데?	연말에 랜스 버크먼과 계약할 수 있을 것 같은데?	main-forum	4
왜 토마스의 책은 캐논에서 제외되었는가?	왜 더 많은 예수의 말을 캐논에서 제외시키는가?	main-forum	2.6
당신은 주류 언론의 말을 믿는다는 뜻인가요?	스프링홀 변환의 말을 믿으시는 건가요?	main-forum	1.8
우리는 탐험을 할 운명이다.	우리는 이사를 해야 한다.	main-forum	2.4
이스라엘은 ****를주지 않고 받아들입니다.	이스라엘은 다른 사람들이 생각하는 것을 '지바'가 아니다.	main-forum	3.4
우리는 모두 많은 불가사의로 가득 찬 그릇이다.	나는 키스로 록큰롤을 하고 싶다.우리는 모두 많은 불가사의로 가득 찬 그릇이다.	main-forum	3.4
오이오에서 온 친구 하나가 이걸 보냈어.	오하이오에서 온 한 소중한 친구가 이걸 보냈어요.	main-forum	3.6
그리고, 그 타이타닉한 이야기는 그 증거의 정밀도를 유지하는 이야기이다.	새로운 연구는 타이타닉 스토리가 아이모를 면밀히 조사하는 데 적합하지 않다는 것을 보여준다.	main-forum	1.6
그는 구글 광고에서 정말 돈을 얻을 수 있을까?	구글 광고에서 돈을 버는 사람이 누구죠?	main-forum	3.2
그들은 그 비디오가 가스실을 보여주지 않는다는 것을 알고 있다.	결론은 비디오 클립이 가스실을 보여주지 않는다는 것이다.	main-forum	4.6
따뜻하고, 아마도 기록할 수 있을 것이다.	더 따뜻하고, 거의 확실히 기록이다.	main-forum	4.4
"""밝지만 산만한""은 ""약으로 치료""가 된다."	"""의견이 있고 고집이 세다""는 약물로 치료된다."	main-forum	2.2
"""삶""에 대한 당신의 정의는 무엇인가요?"	자연에 대한 당신의 정의는 무엇인가요?	main-forum	1.2
많은 것들이 될 수 있다.	단순한 실수일 수도 있다.	main-forum	2.2
강탈도, 뇌물도, 돈도 없이 그는 투표를 위해 돈을 요구하고 있다.	강탈도, 뇌물도, E급 중죄만 포함된 돈도 없었다.	main-forum	3.8
네안더 박사의 개정판 .	"네안더의 개정판 ""?"	main-forum	4
내가 어떻게 느끼는지 그녀에게 말해야 할까?	그냥 밖에서 기다리면서 어떻게 되는지 봐야 할까요?	main-forum	2.2
대서양의 요구 사항	태평양의 요구 사항	main-forum	0.8
당신은 5각형에 미사일의 잔해가 없다.	당신은 5각형에서 미사일에 대한 증인이 없다.	main-forum	2.6
"""Jane""은 도움이 되는 파티 손님에게 돈을 지불하라고 요청하기를 원합니다."	나는 그녀가 당신에게 도움을 주는 파티 손님에게 돈을 달라고 부탁한다는 것을 믿을 수가 없어요!	main-forum	2.2
피임약을 원하는 여자는 누구나 얻을 수 있다.	원하는 여자와 낙태를 하는 여자는 누구나 하나 가질 수 있다.	main-forum	1.6
성장하는 것이 합법적입니까?	그래, 성장하는 것은 합법적이다.	main-forum	2.6
"하나를 누르는 것은 ""영어를 하지 않는다""."	하나를 누르면 음색이 흐른다.	main-forum	1.8
시리즈에 대한 내 의견은 어떤가?	중간에 반딧불이에 대한 나의 의견은 무엇이었는가?	main-forum	2.8
우리는 모두 많은 불가사의로 가득 찬 그릇이다.	척 클로즈 우리는 모두 많은 불가사의로 가득 찬 그릇이다.	main-forum	3.6
그에게는 지지자가 있는가?	그는 분명히 지지자들을 가지고 있다.	main-forum	2
하지만, 궁극적인 주권은?	따라서 궁극적인 주권	main-forum	2.2
그것은 답이 아니다.	아니, 그건 답이 아니야.	main-forum	4.8
나치는 권총 허가의 수명을 수년으로 늘린다.	나치는 총기를 구입하기 위해 최소 연령을 에서 까지 낮췄다.	main-forum	2.2
하지만 우리는 도움 없이는 그것을 할 수 없다.	당신 없이는 할 수 없어요.”	main-forum	3.6
건강한 사람은 도박을 할 필요가 없다.	건강한 사람은 섹스를 필요로 하지 않는다.	main-forum	1.4
나는 법적으로 그것은 사람이 아니었다고 말했다.	만약 사람이 아니라면, WTF가 되겠죠?	main-forum	2
오바마가 규제 개혁을 요구하는 것을 보셨나요?	오바마가 컷, 캡, 밸런스를 요구하는 것을 보셨나요?	main-forum	1.8
"""레프리콘은 존재하지 않는다"" - 좋아."	"""엘프들은 존재하지 않는다"" - 좋아."	main-forum	3
하이네와 쿠어스 라이트를 좀 샀어 어젯밤에 내가 시작했어.	나는 어젯밤에 그것을 시작했다.	main-forum	2
이란은 또한 NPT와 IAEA의 서명을 받았습니다.	"""이란은 또한 NPT와 IAEA의 서명인 EC 팩토이드를 사랑해야 합니다."	main-forum	4.2
"""고르곤은 존재하지 않는다"" - 좋아."	"""새티어는 존재하지 않는다"" - 좋아."	main-forum	2
돈을 빼내는 가장 좋은 방법은 로비를 없애는 것이다.	그것을 머리로 돌리는 가장 좋은 방법은 돈을 빼내는 것이다.	main-forum	3
"나는 수년간 ""너너 네너""의 권리를 가지고 있다.대개 나는 꽤 괜찮은 보살핌을 받는다."	"나는 수년간의 ""너너 네너""의 권리를 가지고 있다.그들은 균열이다."	main-forum	3.4
더치씨, 더치씨에게서 들은 사람 있나요?	@ nickfun, dutchy에서 들은 사람?	main-forum	3.6
상품 확장 가치 형식, .	기본 상품-자본 가치 형태.	main-forum	3.6
당신은 기독교인이다.	그러므로 너는 기독교인이 아니다.	main-forum	1.4
그리고 오늘 간단한 사실?	반복한다: 그리고 오늘 간단한 사실?	main-forum	4
도덕은 그것과 전혀 관련이 없다!	그리고 도덕과 정직은 그것과 모든 관련이 있다.	main-forum	2
“오, 당신은 정말 좋은 사람이에요!	"넌 나쁜 사람이야!"""	main-forum	1.8
펀 나는 이런 이야기들이 바보 같다고 생각한다.	- 늑대, 이런 이야기는 바보 같다고 생각해.	main-forum	3.6
사이클론 형성은 다음 시간 동안 예상되지 않는다.	열대성 사이클론 형성은 예상되지 않는다.	main-forum	3.4
그 단어들이 무슨 뜻인지 이해 못 하시겠어요?	''라는 단어가 무슨 뜻인지 모르십니까?	main-forum	1.2
종교의 자유는 없다.	언론의 자유는 없다.	main-forum	1.2
원래 솔리빅투스가 모든 경전의 메사헤를 게시한 것은 하나됨이다.	원래 솔리빅투스 아가 게시한.	main-forum	2.4
그 아이는 폐교된 지 얼마나 지났을까?	그 망각이 끝나고 얼마나 더 지나야 그 아이가 더 이상 신경쓰이지 않을까?	main-forum	3
남자와 여자는 다르다.	남녀는 다르다고?	main-forum	3.4
이중위험은 실제로 배심원 무효화를 시행한다.	합법성에 관한 한 나는 배심원 무효화를 사용할 수 있다.	main-forum	2.2
촉진자: 똑똑한 아이를 보여줘.	촉진자: 그리고 왜 그녀는 멍청한 아이일까요?	main-forum	1
종교 소설은 중복적이고 반복적이지 않나요?	중복적이고 반복적이지 않습니까?	main-forum	3.2
원래는 애너벨이 올린 글인데 뭐가 문제죠?	비엔나가 '뭐라고 말하라고?' 라고 쓴 거	main-forum	0
크랙린 로지 바이 닐 다이아몬드 우리는 모두 많은 불가사의로 가득 찬 그릇이다.	바비 조타수에 의한 징글 벨 록 우리는 모두 많은 불가사의로 가득 찬 그릇이다.	main-forum	1.6
어떤 사람들은 이 기관들을 운영하는 사람들에 대해 완전히 확신하고 있다.	다른 사람들은 이 기관들을 운영하는 사람들에게 전혀 자신감이 없다.	main-forum	1.6
느슨한 변화는 소설의 작품으로 시작되었다.	그것은 소설의 작품으로 완성되었다.	main-forum	2.2
만약 그것이 삶이 아니었다면, 그것은 태어날 수 없었을 것이다.	만약 그것이 살아 있지 않다면, 그것은 스스로 유산할 것이다.	main-forum	3
GL, Terral, 그것은 정말 놀랍다.	안녕 올리 : 그것은 정말 놀랍습니다.	main-forum	2.4
우리가 백인과 흑인이 %라고 가정해보자.	'백색과 % 검정색'이 있는 곳을 상상해 보세요.	main-forum	3.77777777777778
"""요정은 존재하지 않는다"" - 좋아."	"""레프리콘은 존재하지 않는다"" - 좋아."	main-forum	1
만약 그렇다면, 그것이 그들이 사실이 아닌 이유라고 말해라.	제발, 그들이 사실이 아닌 것은 어떻게 해야 할까?	main-forum	3.2
-말도 안하고, '-아무것도 안하고.	그 일에 대해 이야기하는 것보다 더 나쁘고 아무것도 하지 않는 것 이다.	main-forum	2.8
"""핵에 반대하는 것은""핵을 사용하고 싶지 않다는 것을 의미하지는 않습니다."	"""핵 사용에 반대한다는 것은""핵을 사용하고 싶지 않다는 것을 의미합니다."	main-forum	1.4
내 조카는 흑인 남자와 결혼했다.	내 위대한 조카딸은 반은 흑인이다.	main-forum	1.4
영국 인구는 백만 명을 조금 넘는다.	일본 인구는 거의 백만 명에 이른다.	main-forum	1
나는 보안관을 쐈다.우리는 모두 많은 불가사의로 가득 찬 배들이다.	우리는 모두 많은 불가사의로 가득 찬 그릇이다.	main-forum	3.4
나는 이것이 아무것도 아니길 바란다.	모든게 잘되길 바래!	main-forum	2
내가 벨로시랩터를 입양하는데 쓴 돈	내가 벨로시랩터를 입양하는 데 쓴 돈.......	main-forum	4.2
그래서, 당신은 실제로 테랄이 쓴 모든 단어를 믿나요?	GL, TERAL HI CON : 그래서, 당신은 실제로 테랄이 쓴 모든 단어를 믿습니까?	main-forum	4.2
무엇이 팔리지 않았는가?	그것은 판매된 방식이 아니다, GB.	main-forum	1.6
나는 내가 그가 되고 싶지 않다는 것을 안다.	나도 그가 되고 싶지 않아.	main-forum	4.4
무기는 없었다.	물론 무기는 없었다.	main-forum	4.6
그것은 너무 멍청해서 그것이 진실이어야만 한다.	그것이 사실일 수도 있다고 생각하는 것은 재미있다.	main-forum	3
개인적인 책임은?	다시, 개인적인 책임.	main-forum	4.4
당신이 말하는 비이성적인 것들에 대해 알아차리나요?	그리고 공정하게 말하자면, 당신이 말하는 비이성적인 것들을 알아차리나요?	main-forum	4.57142857142857
나는 그것을 인구조사의 뒷부분에서 맨 위 모자로 뽑은 것 같다.	인구조사가 뒷부분이 모자에 들어가나요?	main-forum	2.6
어떻게 이게 부시에 대해 기울어져있지?	부시에 대한 경사는 어디인가?	main-forum	4.4
만약 그것이 헛소리가 아니었다면 동종 요법이 아닐 것이다.	그게 만약 헛소리가 아니었다면 동종 요법이 아닐 것이다.	main-forum	4.8
나는 그가 지나치게 밀리그램을 쓴다고 비난한 적이 없다.	나는 그가 야구를 조작했다고 비난한 적이 없다.	main-forum	0.4
구제금융은 Tarp Bloomberg 뉴스보다 더 컸다.	구제금융은 방수포보다 더 컸다 이 제목은 오해의 소지가 있다.	main-forum	3.8
부모님께서는 당신에게 나쁘다고 말씀하셨어요.	경찰관들이 당신에게 안 좋다고 내게 말해줬습니다.	main-forum	2
그의 입장은 그것이 개인의 위험이라고 가정하는 것이다.	그의 입장은 현재와 같다.	main-forum	1
더 읽어보십시오: 낙태 찬성하는 사람은 만나본 적이 없습니까?	낙태 찬성하는 사람을 만난 적이 없습니까?	main-forum	4.8
나는 돈이 있는 사람들과는 아무 문제 없다!	나는 이 사람들, 여기에서 많은 사람들에게 문제를 가지고 있다!	main-forum	0.2
닉슨, 포드, 카터가 유전을 폐쇄했다고?	노는 유전을 폐쇄했다.	main-forum	2
나는 신경쓰는 대통령이 되고 싶지 않다.	나는 카리스마 있는 대통령을 원하지 않는다.	main-forum	1
꼭 뇌사일 필요는 없다.	나는 제안된 모델이 없다.	main-forum	0
미사일 증거도 없고.	미사일 목격자는 없다.	main-forum	3.2
선생님들이 당신에게 나쁘다고 말씀하셨어요.	경찰관들이 당신에게 안 좋다고 내게 말해줬습니다.	main-forum	2.2
세상에, 임신증후군이 있는 사람은 나에요.	임신 시세표가 있다.	main-forum	4.2
그렇다면 그는 전능하지 않다.	그러면 그는 악의적이다.	main-forum	1.4
개 얼굴용 주석 호일 모자, 어떤 사이즈를 입나요?	정어리용 주석 호일 모자, 어떤 사이즈를 입나요?	main-forum	3
마리화나 관련 범죄로 총에 맞아 죽은 올해처럼.	또는 그 살짜리 소년은 마리화나 판매상들에 의해 자동 무기로 총에 맞아 죽었다.	main-forum	4.2
만약 당신이 히트를 치기 위해 뛰어오르면, 당신은 페널티를 받게 될 것이다.	만약 당신의 막대기가 남자의 얼굴을 때린다면, 당신은 페널티를 받게 될 것이다.	main-forum	2.6
모든 전기 에너지는 배터리에서 나온다.	모든 전기 에너지는 궁극적으로 교류 발전기에서 나온다.	main-forum	2.4
얼마나 많은 승객들이 증언을 했는지, 그들이 뭐라고 했는지 아세요?	빙산을 본 승객이 몇 명이나 되나요?	main-forum	2.4
남성과 여성 비율이 높은 장소를 상상해 보라.	'백색과 % 검정색'이 있는 곳을 상상해 보세요.	main-forum	1.6
시나리오 A는 공동 성장률이 .% / yr로 가속된다고 가정합니다.	메탄 성장 속도가 .% / yr로 가속된다고 가정합니다.	main-forum	1.75
그들은 최근의 감소로 인해 실제로 냉각 추세를 보여 왔다.	최근의 감소로 인해 냉각 추세를 보십시오.	main-forum	4.6
우리는 모두 많은 불가사의로 가득 찬 그릇이다.	고양이의 기억에 의지하는 우리 모두는 많은 불가사의로 가득 찬 배들이다.	main-forum	3
반복하자면, 그들은 이전처럼 주권적이지 않다.	그들은 이전처럼 주권적이지 않다.	main-forum	4.5
그러나, 접촉이 없고 완전히 신뢰할 수 없는 것은 그렇지 않을 것이다.	불신하고 만져지지 않는?	main-forum	4.25
그것은 대부분 네덜란드인이다.	사실, 그것은 단지 네덜란드인이다.	main-forum	3.6
천사와 핀에 대해 다시 얘기하는 거 맞지?	@ lustig Andrei, 우리는 천사와 공통 핀에 대해 다시 이야기하고 있습니다. 맞죠?	main-forum	4.8
트레이본의 성격에 대한 주장과 내가 언제 그랬지?	경사진 블로그를 언제 했더라?	main-forum	2.6
%P는 낙태 서비스에 얼마나 많은 돈을 들일까요?	낙태 서비스에 얼마나 쓰이나요?	main-forum	2.6
왜 그 거래가 일어났는가?	거래가 성사되었나요?	main-forum	2.4
수정 후 난자 세포는 더 이상 없다.	더 이상 정자 세포는 없다.	main-forum	2.4
레이시 - 돌아온 걸 환영해!	어쨌든, 돌아온 걸 환영해.	main-forum	4
더 사실 확인 : 나는 왜 누군가가 $에 대해 소란을 피우는지 모르겠다.	나는 왜 누군가가 $에 대해 소란을 피우는지 모르겠다, 내기.	main-forum	4.4
만약 당신이 어떠한 주장도 하지 않았다면, 그렇게 말하세요.	나는 어떤 주장도 하지 않았다.	main-forum	2.4
어떤 대처주의자도 스스로를 자유주의자라고 부를 수 없다.	대처인들이 스스로를 자유주의자라고 부를 때, 나는 그것을 불쾌하게 한다.	main-forum	2.4
문제는 누가 돈을 가지고 있느냐가 아니다.	문제는 누가 돈이 없는가이다.	main-forum	2.46666666666667
하지만 실제로 그 바다에 빙산이 있었다고 믿으세요?	나는 타이타닉 근처에 빙산이 전혀 없었다고 믿지 않는다.	main-forum	2.8
오리올스 게임의 나쁜 게임데이는 나에게 얼어붙지 않는다.	오리올스 게임의 게임데이는 나에게 얼어붙었다.	main-forum	3
만약 그렇다면, 많은 경찰들이 강수제를 복용해야 한다.	만약 그렇다면, 많은 발명가들이, 작가들은 처방약을 복용해야 한다.	main-forum	2.4
그 혐의가 무엇인지 우리에게 말해라.	그래, 그의 혐의는 무엇인가?	main-forum	4
그것들은 부분적인 사이코패스들이다.	테드 번디가 부분적인 사이코패스였나요?	main-forum	1.8
역사를 무시하는 사람들은 그것을 반복할 운명이다.	역사를 무시하는 두 사람을 때려눕히면, 그 역사를 반복할 운명이다.	main-forum	4.2
이것은 전쟁 배치가 아니다.	그것은 공식적인 배치가 아니다.	main-forum	2.4
일화의 복수형은 데이터가 아니다 신사들에게 샤페론이 필요했는가?	일화의 복수형은 데이터가 아니다	main-forum	3.6
좋아, 방금 들어왔어.	그냥 들어가도 괜찮지 않아.	main-forum	4
H와 나는 둘 다 책을 읽고 영화가 너무 빨리 움직인다고 생각했다.	나는 책을 읽지 않았지만 오늘 영화를 보았다.	main-forum	3
하지만, 그것은 몰로크 장면이 아니다.	이것은 몰로크 장면이다.	main-forum	2.4
@ lustig Andrei, 그래서 린든 존슨과 존 케네디는 양립할 수 있었습니까?	@ Edgarblythe, 그래서 린든 존슨과 존 케네디는 양립할 수 있었습니까?	main-forum	4.4
당신은 결정을 내려야 한다.	논리 기술을 연마해야 한다.	main-forum	0.6
그 후에 집으로 걸어와서 잠이 드는 사람.	집으로 걸어와 아내를 때리는 세 걸음의 집.	main-forum	1.4
- 드피자와 나는 당신이 얼마나 징징대는 작은 침대가 젖었는지 잊고 있었다.	그리고 나는 네가 얼마나 징징거리는 작은 침대가 젖었는지 잊었다.	main-forum	3.8
"논쟁은 ""알버트 아인슈타인은 대학에 가지 않았다"" 였다."	"옴, ""아인슈타인은 대학에 가지 않았다."""	main-forum	4.2
자본이득, 최고 금리 : 퍼센트.	소득세, 최고 금리 : 퍼센트.	main-forum	2.4
비엥은 받아들일 수 없다.	술에 취하는 것은 용납할 수 없다.	main-forum	1
그는 몇 년 동안 재미없었다.	래리 버드 멜먼이 쇼에 나온 이후로 그는 재미없었다.	main-forum	3.4
우주가 그 존재에 대한 설명을 가지고 있다면, 그 설명은 신이다.	그러므로, 우주는 그 존재에 대한 설명을 가지고 있다.	main-forum	2.4
그들을 위해 싸우는 대가로 우리가 얻는 것은 무엇인가?	--------------------------------------------------------------------------	main-forum	5
그것은 농담 결혼을 멈추지 않을 것이다.	그리고 나는 결혼을 위해 싸우지 않는다.	main-forum	1.2
만약 그들이 유대인이라면, 나는 그들을 유대인이라고 부를 것이다.	만약 그들이 카톨릭 신자라면, 나는 그들을 카톨릭 신자라고 부를 것이다.	main-forum	2.2
그녀는 위대한 숙녀였다.	그녀는 좋은 여자였다.	main-forum	4
그는 성공했기 때문에 부자가 아니다.	왜 사람들이 성공적이기 때문에 싫어하는가?	main-forum	0.8
당신만큼 짜증나지 않소.	당신은 헨리만큼 짜증나는 것 같다.	main-forum	1.75
그것은 상식/연역적 추론이다.	상식과 연역적 추론을 없애버렸죠.	main-forum	2.5
이미 그렇게 하셨잖아요.지금은 무슬림이 일하고 있어요.	지금 기독교인이 사무실에 있는데....	main-forum	0.8
나는 그녀가 어떤 노동력의 일원이 될 필요가 없다고 말했다.	앤 롬니는 결코 밖으로 나가 노동력의 일부가 될 필요가 없었다.	main-forum	3.4
드림테크는 내가 아는 한 사정이 없었다.	내가 아는 한 그것은 사정된 적이 없다.	main-forum	3
나는 우리가 / 랜드 이후로 부드러워졌다고 말하지 않았다.	나는 네가 부드러워졌다고 말했다.	main-forum	1.2
우리는 모두 우리가 기대하는 것을 얻고 있다고 믿는다.	대부분의 시간, % 는 우리가 기대하는 것을 얻고 있다.	main-forum	3.8
비열한 벤, 그 남자에 대한 변명을 찾으려고 하지 마라.	벤, 그 남자에 대한 변명을 찾으려고 하지 마.	main-forum	4.4
다른 나라에서는 다르지 않습니까?	그래서, 짧은 형태, 네, 그것은 아마도 다른 나라에서 다를 것입니다.	main-forum	3.6
새로운 연구는 당신의 주장을 지지하지 않는다.	물리적인 증거는 당신의 주장을 뒷받침하지 않는다.	main-forum	2.2
그는 모든 수준에서 말했다.	하지만 그는 모든 단계를 말했다.	main-forum	4.6
도덕은 존재하지 않으므로, 기술적으로는 도덕적으로 잘못될 수 없다.	나는 다시 한번 신이 존재하지 않는 것이 도덕적으로 잘못될 수 있는지 묻는다	main-forum	2.2
나는 그것이 대부분 네덜란드인이라고 생각했다.	그것은 대부분 네덜란드인이다.	main-forum	4
조니 수학에 의한 완구랜드는 우리 모두는 많은 불가사의로 가득 찬 배들이다.	호랑이의 눈은 우리 모두는 많은 불가사의로 가득 찬 배들이다.	main-forum	3.2
이 일이 법정에서 진행되도록 하자.	이 일이 법정에서 벌어지는 것을 막는 것은 아무것도 없다.	main-forum	3.8
갱단에 있는 것은 범죄가 아니다.	갱단에서 범죄를 저지르는 것은 범죄이다.	main-forum	1.8
나는 이란에게 거래를 제안할 것이다.	척, 이란에게 거래를 제안할거야.	main-forum	4.2
네, 둘 다 다릅니다.	의견은 다르다.	main-forum	1.2
애니가 그런 성욕을 사용해본 적이 있나요?	한 단어: 좀비들은 애니가 그런 성욕을 사용해본 적이 있나요?	main-forum	3.8
순수한 공산주의: 당신은 두 마리의 소를 가지고 있습니다.	자유주의자/무정부 자본주의: 당신은 두 마리의 소를 가지고 있습니다.	main-forum	2.4
당신은 과학자들을 받침대에 올려야 한다.	왜 당신 같은 사람들은 과학자를 받침대에 올려놓는가?	main-forum	3.4
그들이 숨기려고 하는 것은 무엇인가?	그리고 나서 나는 물었다: 그들이 무엇을 숨기려고 하는가?	main-forum	3.6
그 때문에 그들의 죽음에 부분적으로 책임이 있는 겁니다.	내 생각에는, 그것은 너를 일종의 액세서리로 만들 것이다.	main-forum	3
"""다른 사람들의 건강 관리비를 지불하시겠습니까?"""	"""안전벨트를 매고 싶으세요?"""	main-forum	0
그들은 이전처럼 주권적이지 않다.	반복하자면, 그들은 이전처럼 주권적이지 않다.	main-forum	4.4
나는 오바마가 두 악의 덜한 것으로 보지 않는다.	나는 그를 전혀 악으로 보지 않는다.	main-forum	2
아니면 짐 크로스에 의한 이번 것은 우리 모두 많은 불가사의로 가득 찬 그릇이다.	우리는 모두 많은 불가사의로 가득 찬 그릇이다.	main-forum	3.2
요점은 비무장한 아이가 살해되었다는 것이다.	요점은 흑인인 비무장 아동이 살해되었다는 것이다.	main-forum	3.4
"짐머만은 ""여기서 뭐 하는 거야?"""	"마틴은 ""왜 날 따라오고 있는 거야?"""	main-forum	0.9
내가 문제가 있다는 것을 하는 종교는 없다.	내가 문제없이 하는 종교는 그렇지 않다.	main-forum	1.6
만약 내가 화난다면, 그 스캔들 중 하나에 나타날 것이다.	만약 내가 과민반응을 한다면, 그 스캔들 중 하나에 나타날거야.	main-forum	3.2
XYZ 주식회사에서 10억 달러를 사고 싶다면 누가 신경이나 쓰겠어?	만약 당신이 집이나 SUV를 사고 싶다면, 누가 신경이나 쓰겠는가?	main-forum	1.4
멕시코의 현재 번영 수준인 세계 모든 사람들.	"현재 ""번영"" 단계의 북서 아프리카에 있는 모든 사람들"	main-forum	1.53333333333333
가끔 나는 권력을 갖는 것에 대해 공상을 한다.	가끔 나도, 내가 미친짓을 하기 전에 사람들을 구부리는 것에 대한 환상을 품기도 한다.	main-forum	4.2
부모님께서는 당신에게 나쁘다고 말씀하셨어요.	보안관이 당신에게 안 좋다고 했어요.	main-forum	2.8
아틀라스는 또한 어리석은 짓이라는 점에서 뛰어난 연기자이기도 하다.	그것은 또한 어리석은 짓이라는 점에서 뛰어난 연기자이다.	main-forum	3.6
마틴은 그게 사실이 아니라는 걸 어떻게 모를 수 있을까?	마틴이나 다른 사람들은 그의 행동에 근거해서 그의 의도를 어떻게 알까?	main-forum	2.4
규제는 정부를 모든 일에 끌어들이게 한다.	"""정부를 모든 일에 끌어들이는 것?"""	main-forum	2.4
네, 저는 모든 포장이 제 주장에서 재활용될 수 있을 것이라고 생각했습니다.	나는 내 주장에서 이것 또한 추측해 왔다.	main-forum	2.8
배심원 무효화는 법이 위헌이라는 것을 의미하지는 않는다.	배심원 무효화는 법이 헌법이 아니라는 것을 의미하죠?	main-forum	3.6
그것은 단지 세포의 무리일 뿐이다.	난 세포 다발이야	main-forum	2.2
만의 작품은 모두 수학에 관한 것이었다.	만의 작품과 HS는 모두 나무 고리에 관한 것이었다.	main-forum	1.6
켈리라는 사람 소식을 듣게 되어 정말 유감입니다.	정말 미안해, 켈리.	main-forum	4
나는 맛이 나는 맥주를 좋아하지 않는다.	나는 많은 맛이 나는 음료를 좋아하지 않는다.	main-forum	3
모든게 잘되길 바래!	나는 너의 이오가 괜찮기를 바란다.	main-forum	1.6
당신이 원하는 대로: 히틀러가 유대인을 죽이는 것을 보나요?	히틀러가 유태인을 죽이는 것을 보셨나요?	main-forum	4.6
그리고 난 너의 친구인 미트야.	당신의 좋은 친구 글러브	main-forum	4
그것은 선택의 여지를 의미한다.	나쁜 선택을 의미하는 것은 아니다.	main-forum	1.6
내가 쓴 것을 다시 읽어야 할 것 같아.	내가 쓴 것을 다시 읽어야 한다.	main-forum	5
"엄마가 들어와서 ""저 소리는 뭐야?"""	우리 애들이 들어와서 '저 아빠 뭐야?'라고 말했죠	main-forum	1.8
나의 최선은, 내 전 약혼자가 VA나 해군 의사를 사용하지 않을 것이다.	제이 제 전 약혼자는 VA나 해군 의사를 사용하지 않을 것입니다.	main-forum	3.6
홀더는 3페이지 분량의 편지를 제출했다.	판사들은 3페이지 분량의 편지를 제출하라고 명령한다.	main-forum	2.8
@ lustig Andrei, lustig, 동의했습니다.	@ lustig Andrei, 감사합니다, lustig.	main-forum	2.2
이것은 에 있는 옛 기록을 능가한다.	이것은 에 설정된 일일 기록을 깨뜨린다.	main-forum	4.8
이게 얼마나 합법적인지는 모르겠지만, 나는 그가 자살충동을 하고 있다고 들었다.	그래서, 나는 이것이 얼마나 합법적인지 모르지만, 그래.	main-forum	1.6
의회세는 대부분의 사람들에게 동결되지 않았나요?	대부분의 사람들에게 의회 세금이 동결되지 않았나요?	main-forum	4.8
네 얼간이가 점점 더 진부해지고 있어.	너의 여성혐오가 점점 더 심해지고 있다.	main-forum	0.4
그게 어떻게 작동하는가?	아니, 그건 그렇게 작동하지 않아.	main-forum	1.6
에 숨을 쉬고, 숨을 쉬고, 계속 나아가라.	부화하하가 에 숨을 쉬고, 숨을 내쉬고, 계속 나아가라.	main-forum	4.4
그들이 더 일관되고 더 가까워질 때까지 기다려라.	수축이 점점 더 강해지고 가까워지기를 기다려라.	main-forum	3.8
오바마는 극단적이고 좌파적이다.	오바마는 극좌파의 일부이다.	main-forum	4.8
@ 프랭크 아피사, 당신이 그것을 뭐라고 부르고 싶은지는 당신에게 달려 있습니다.	@ cyracuz, 당신이 그것을 뭐라고 부르고 싶은가는 당신에게 달려 있습니다.	main-forum	2.5
배심원 무효화는 법의 합헌성과는 아무 상관이 없다.	배심원 무효화는 법이 헌법이 아니라는 것을 의미하죠?	main-forum	2.6
전에 무슨 확신을 말씀하시는 거죠?	어떤 확신이 들까요?	main-forum	4.4
그래서 나는 실제로 그 작전을 읽고 내가 무엇을 알아냈는지 추측한다.	게다가 나는 이것을 발견했다 : 그래서 나는 실제로 그 작전을 읽고 내가 무엇을 알아냈는지 추측한다.	main-forum	4.6
정부는 당신이 결혼했는지 아닌지를 결정하지 않는다.	정부가 당신이 결혼하기 전에 결혼을 선언할 필요는 없다.	main-forum	3.6
민주주의는 자유에 대한 위협이다.	민주주의는 자유와는 아무 상관이 없다.	main-forum	1.8
하이 프로와 옥수수 : 몇개의 실을 만들 계획입니까?	몇개의 실을 만들 계획이야?	main-forum	4
어떤 시스템이 지금 당장 작동하지 않는지 정확히 말해 주시겠습니까?	그래서 어떤 시스템이 우리에게 효과가 없는가?	main-forum	4
오, 그리고 다시 결혼은 근본적인 인권이라고 주장한다.	특히 결혼은 근본적인 인권이라고 말한 후에.	main-forum	4
러시아인들은 왜 다마스쿠스에 있지?	다마스쿠스의 러시아인들!	main-forum	4.2
네, 희석에 관한 거예요.	어, 희석이 그렇게 되는게 아니야.	main-forum	1.8
그래, 나는 이것이 그렇게 논란이 되고 있다고 생각하지 않아.	나는 그녀가 말하는 것이 그렇게 논란이 많다고 생각하지 않는다.	main-forum	3.8
운영 혼란은 단지 사람들이 투표하는 것이다.	혼란은 단지 사람들이 투표하는 것이다.	main-forum	4
원래 존이 의심스럽게 게시한 것.	원래 엘레노어 엘리스가 게시한	main-forum	1.2
고전 가스는 모두 많은 불가사의로 가득 찬 그릇이다.	환호를 위한 주제곡 : 우리는 모두 많은 경이로움으로 가득 찬 그릇이다.	main-forum	3
나는 코넬 웨스트와 친애하는 동생과 대화를 나누고 있다.	코넬 웨스트와 대화중이네 이게 대체 뭐야?	main-forum	3
중동에는 전쟁이 없다.	"중동에는 ""전쟁""이 없다."	main-forum	4.6
그는 그를 체포할 생각이 없었다.	- 나는 그가 그를 체포할 계획이라고 말하지 않았다.	main-forum	2.4
우리는 모두 많은 불가사의로 가득 찬 그릇이다.	당신의 마음에 작은 사랑을 담아라.우리는 모두 많은 경이로움으로 가득 찬 그릇이다.	main-forum	3.6
"넌 ""세포 한 무리"""	난 세포 다발이야	main-forum	2.4
여자 얼간이는 무엇인가?	넌 여자 멍청이야.	main-forum	1.4
배심원 무효화는 법이 헌법이 아니라는 것을 의미하죠?	배심원 무효화는 법이 위헌이라는 뜻은 아니다.	main-forum	2
그것은 분명히 예전과는 다르다.	투표로 투표한 것은 확실히 예전과는 다르다.	main-forum	4
그 책임은 소비자에게 안전하다고 확신시키기 위해 제품의 제조사에 있다.	제조업자는 정부가 안전하다고 확신시켜야 한다.	main-forum	3.4
나는 당신이 사업가들에게 요점을 놓치고 있다고 생각한다.	다시 한번 나는 당신이 트웨인 인용문의 요점을 놓치고 있다고 생각한다.	main-forum	0.8
"""사이클로페는 존재하지 않는다"" - 좋아."	"""고블린들은 존재하지 않는다"" - 좋아."	main-forum	1.6
"""그 안에는 정신 질환이 있었습니다. 이제 그들은 당신에게 무엇을 가르치고 있습니까?"""	그는 그것이 정신 질환이라고 말했다, 어떻게 그렇게 편협한 것이냐?	main-forum	1.6
Landon 그리고 이것은 크리스마스입니다.우리는 모두 많은 불가사의로 가득 찬 배들입니다.	불로 놀아라 우리는 모두 많은 불가사의로 가득 찬 그릇이다.	main-forum	1.8
부시는 그의 예산에 대한 공로를 인정받지 못한다.	그리고 오바마는 그의 밑에 있는 예산에 대해 제로 크레딧을 받는다.	main-forum	1.8
죄 많은 사람들은 천국에 가지 못한다.	죄는 천국으로 들어가면 없어진다.	main-forum	1.8
홀리 홀리 홀리 우리 모두는 많은 불가사의로 가득 찬 그릇이다.	우리가 모두 많은 불가사의로 가득 찬 그릇이라고 말하세요.	main-forum	3.8
"시카고에서 ""답""이 뭐였지?"	캘리포니아에서의 반응은 무엇인가?	main-forum	1.2
그 모든 것이 말이 안 된다.	그게 말이 안 되는지 보라.	main-forum	4.2
누가 살인 가스실을 운영한 것 같습니까?	기억을 되살려라: 누가 살인 가스실을 운영했는가?	main-forum	4.8
그러므로, 우주의 존재에 대한 설명은 신이다.	우주가 그 존재에 대한 설명을 가지고 있다면, 그 설명은 신이다.	main-forum	3.6
암 저항성에 대한 유전적 성향은 우수한 유전학이다.	알츠하이머에 대한 유전적 성향은 열등한 유전학이다.	main-forum	1.4
사람 방어에 무력 사용	공격자에 의한 무력 사용	main-forum	1.2
그게 바로 이용 가능한 자료가 보여주는 것이다.	그것이 역사 기록이 보여주는 것이다.	main-forum	3.6
세상에 대한 기쁨은 우리 모두는 많은 경이로움으로 가득 찬 그릇이다.	환호를 위한 주제곡 : 우리는 모두 많은 경이로움으로 가득 찬 그릇이다.	main-forum	3
나는 그것이 대부분 네덜란드인이라고 생각했다.	사실, 그것은 단지 네덜란드인이다.	main-forum	2.6
EVE는 아이들이 노는 것을 보았다.	나는 아이들이 노는 것을 보는 것을 좋아한다.	main-forum	2.2
David @ Omsigdavid, 나는 Santorum이 Gingrich보다 더 가능성이 있다고 생각한다.	@ sozobe, 나는 산토룸이 깅리치보다 더 가능성이 있다고 생각한다.	main-forum	4.8
그들은 서로를 보고 있어!	왜 그들은 서로를 그렇게 쳐다보고 있는거지? ! ? ? ? ? !	main-forum	2.8
운전하고 있어요?	너 씨발 볼트 운전하는거야?	main-forum	2.6
내가 에 문제가 있는 종교	내가 문제없이 하는 종교는 그렇지 않다.	main-forum	1.4
나는 그가 전반적으로 미국 사업 이익에 더 좋을 것이라고 생각한다.	그가 미국 사회에 더 잘 맞을까?	main-forum	1.6
헌법상의 문제가 아닙니다.	다시 말하지만, 이것은 헌법상의 문제가 아니다.	main-forum	4.4
바보들아.. 은폐를 샀어...	안녕들 하신가? 바보들아.. 은폐를 샀어.. 후크..	main-forum	4.2
"""첫 번째를 누르면 무엇을 하는가?"""	"""1번을 누르면 영어가 된다."""	main-forum	1.6
어떤 확신이 들까요?	전에 무슨 확신을 말씀하시는 거죠?	main-forum	4.4
원래 Spikdboy가 소망하지 않고, 오히려 현실적으로 게시한 것이다.	원래 객관주의가 게시한 것은 희망적인 생각이 아니라 오히려 현실적인 생각이었다.	main-forum	3.8
수조번째로, 나는 재활이 효과가 없다고 말한 적이 없다.	"""재활이 절대 효과가 없을 거라고 말한 적 없다""고 말해야 할 요점이 있다"	main-forum	3.4
찰리 레인젤이 비난한 장면은 누가 본 적이 있나요?	이 장면 본 사람 있어요?	main-forum	3
10월 레드 스탠딩	레드 폭스 대기 중입니다.	main-forum	2
그건 법률 보고서가 작성되는 방식이 아닙니다.	그것은 단지 법적 추론이 어떻게 작동하는가가 아니다.	main-forum	3.2
아니요, 그 요소들 중 어느 것도 최근의 온난화를 설명하지 못합니다.	당신은 그 요인들이 온난화를 설명하는지 아닌지 모른다.	main-forum	3
스톤은 주군에게 알렸다.	그는 주인님에게 너무 통보했다.	main-forum	3.4
체계적인 변증법의 주요 초점은 디아 만성이 아닌 신 만성이다.	따라서 메타 - 시스템 - 아틱 변증법은 다이아크로니코 - 동시 변증법입니다.	main-forum	2.2
그리고 그것은 Gop 통제된 상태에서 일어나고 있다.	미시간은 갑 통제된 국가이다.	main-forum	0.8
여우 분지에서 얼어붙었다.	여우는 대부분 얼어붙었다.	main-forum	4.2
@ frank apisa, frank, 나는 관찰하고 인식한다.	@ cicerone 사기꾼, Frank, 나는 관찰하고 인식한다.	main-forum	4.2
정부는 임신이 어떤 조건으로 이행되어야 하는지를 결정하는데, 그것은 괜찮다.	정부는 자국민을 감시하고 있다, 그건 괜찮다.	main-forum	1.2
당신의 마음에 작은 사랑을 담아라.우리는 모두 많은 경이로움으로 가득 찬 그릇이다.	Landon 그리고 이것은 크리스마스입니다.우리는 모두 많은 불가사의로 가득 찬 배들입니다.	main-forum	2.8
퍼센트보다 높지만 그다지 높지는 않다.	퍼센트보다 낮지만 매우 낮지는 않다.	main-forum	1
신은 확실히 존재하지 않는다.	신은 아마 존재하지 않을 것이다.	main-forum	2.6
그것은 기후변화를 나타내는 훌륭한 지표이다.	나는 우리 모두가 변화의 본질에 동의한다고 생각한다.	main-forum	2
여기 사는 것의 가장 좋은 점은 거기에 공간이 있다는 것이다.	나쁜 것은 거기에 공간이 있다는 것이다.	main-forum	1.8
나는 언론의 자유가 어떻게 금지될지 이해할 수 없다.	당신의 언론의 자유는 오늘날보다 더 금지되지 않을 것이다.	main-forum	3.8
그 질문은 물어봐야 한다.	그것은 대답할 필요가 있는 질문이다.	main-forum	3.2
당신은 삶을 매우 중시한다고 말한다.	나는 인간의 삶을 매우 높이 평가한다고 주장한다.	main-forum	2.8
침입지	모기가 포스팅을 한다.	main-forum	1.8
나는 신경쓰는 대통령이 되고 싶지 않다.	연민이 넘치는 대통령은 원하지 않는다.	main-forum	4.6
덜 설득력있게 만들거나 말거나 할 수 있는게 있나요?	좀 더 설득력 있게 만들만한 게 있나요?	main-forum	2.4
고전 가스는 모두 많은 불가사의로 가득 찬 그릇이다.	좀비들의 계절에 우리는 모두 많은 불가사의로 가득 찬 배들이다.	main-forum	2.4
그래서 우리는 그것이 본질적으로 자유낙하로 내려왔다는 것에 동의하는가?	우리는 그들이 본질적으로 자유낙하로 내려왔다는 것에 동의하나요?	main-forum	4
친생애자들은 여성이 스스로 낙태를 선택할 수 있는 것을 원하지 않는다.	선택을 찬성하는 사람들은 누구에게도 낙태를 강요하려고 하지 않는다.	main-forum	1
그러니 질문에 대답해.	질문을 피하지 마세요.	main-forum	3.4
아이티는 쓰레기야.	아이티는 똥구멍이었다.	main-forum	4.2
나는 그 바다에 빙산이 있었다고 절대적으로 믿는다.	나는 타이타닉 근처에 빙산이 전혀 없었다고 믿지 않는다.	main-forum	1.2
프랜차이즈의 얼굴: 최악은 그가 심지어 잎 팬도 아니라는 것이다!	가장 나쁜 점은 그가 심지어 잎사귀 팬도 아니라는 것이다!	main-forum	4.4
나는 그가 임기 2기에 들어가기를 완전히 희망하고 있다는 것에 동의한다.	나는 그가 임기 중 두 번째 임기에 들어가기를 바라고 있다.	main-forum	4
어시스트를 든 제이크.	보라섹을 골로 삼아라.	main-forum	0.4
그의 집이 영향을 받았고 학교는 영향을 받지 않았을 가능성이 있는가?	물론, 그의 집이 영향을 받았을 가능성은 있지만, 학교는 영향을 받지 않았다.	main-forum	3.2
사람들은 깨어났다.	사람들이 깨어났기 때문이에요.	main-forum	4.2
음 캘리포니아는 화물선이었다 나는 그 기사가 뭐라고 말하든 상관하지 않는다.	캘리포니아는 화물선이었다.	main-forum	4
"음, 그것은 꽤 분명하게 말합니다. ""법령은 헌법으로 추정됩니다."""	"그리고 그들이 결정할 때까지, ""법령은 헌법으로 추정된다."""	main-forum	2.6
플로리다, 무지는 너의 것이다!	무지는 너의 것이다!	main-forum	3.4
나는 트레이본을 위해 정의를 외칠 것이다.	트레이본에 대한 정의를 외치는 사람들은 모두 위선자이다.	main-forum	1.6
무엇이 옳고 그른지 어떻게 알아?	어떤 이야기가 옳은지 어떻게 알 수 있나요?	main-forum	2.2
하, 하, 하, 하, 하, 하!	아하하하하하하하하하하하하하하하하!	main-forum	5
그리고 누젠트는 그가 말한 것을 말하는 완전히 바보였다.	나탈리는 그들의 팬층을 모욕한 완전히 바보였다.	main-forum	0.6
그것은 모두 부시의 잘못이다.	오바마는 부시의 잘못이다.	main-forum	1.2
유대인을 싫어하는 모든 것을 미리 고치거나 부풀리는 것을 멈춰야 한다.	"난 모든 것을 ""유대인을 싫어한다""로 접두사나 접미사는 안해"	main-forum	2.4
나는 흑인들이 폭동을 일으킬 것이라고 그가 말한 요점을 놓쳤다.	흑인들이 폭동을 일으킬 거라고 말한 적이 없었나요?	main-forum	2.4
하지만 당신은 그것을 선언할 필요가 없었다.	그리고 그럴 필요도 없었지.	main-forum	2
세례자 존은 출생시부터 나자라이트였다.	세례 요한은 출생 때부터 나자라이트였다.	main-forum	4.6
제임스: 작품 없는 믿음은 죽었다고 말한다.	Paul은 작품 없이는 신앙을 설교하지 않았다.	main-forum	2.2
그리고 비디오 지진 데이터는 붕괴 기간과 같지 않습니다.	지진 데이터는 붕괴 기간과 같지 않습니다.	main-forum	4.6
원래 외로운 여우가 올린 글은, 지금 여러번 그렇게 말했었다.	원래는 외로운 여우가 게시했고, 그것은 모든 이란인과도 관련이 없다.	main-forum	2.2
당신은 오바마의 견해를 좋아하지 않을지 모르지만, 그는 그것을 가지고 있다.	그가 맡고 있는 위치가 마음에 들지 않을 수도 있지만, 적어도 그는 그 위치들을 가지고 있다.	main-forum	2.6
하지만 실제로 그 바다에 빙산이 있었다고 믿으세요?	나는 그 바다에 빙산이 있었다고 절대적으로 믿는다.	main-forum	3
오바마는 보수주의자들 사이에서 승리할 수 없다.	이것은 보수파로부터 오는 것이 풍부하다.	main-forum	1.4
사탄은 금욕 대신에 면죄부를 대표합니다!	사탄은 다른 뺨을 돌리는 대신 복수를 상징한다!	main-forum	1.6
그 판매에 대한 세금이 지불되는 한.	세금이 지불되는 한은...	main-forum	3.8
고치 ? : 이슬람 자체는 정치적이지 않다.	이슬람은 항상 정치적이었다.	main-forum	1.2
3월은 또한 중국에서의 봉기의 날이다.	원래 Vitchilo March가 게시한 것은 중국에서의 봉기의 날짜이기도 하다.	main-forum	4
모든게 잘되길 바래!	모든게 잘되길 바래요.	main-forum	5
왜 그 질문을 우리 주민들에게 한정하는 것이 터무니없는지 이해하십니까?	왜 비-미국 거주자들이 통계와 관련이 있는지 이해하십니까?	main-forum	3.2
나는 과거에 바르샤바에 대한 UFO를 보았다.	정중하게 제출한 스티브 나는 과거에 바르샤바에 대한 UFO를 보았다.	main-forum	4
어떤 행동이 그 순간의 어색한 어젠다를 더 발전시키는지에 따라.	어떤 행동이 그들의 로니-튠즈 의제를 더 발전시키는가에 따라	main-forum	4.6
내가 어떤 주장도 하지 않았다는 것에 더 동의하나요?	그래서 내가 아무런 주장도 하지 않았다는 것을 인정하고 증명해 주실 것입니다.	main-forum	3.8
짐머만은 그가 차에 주먹을 맞았다고 말한다.	"그의 ""친구들""은 그가 그의 차에 맞닥뜨렸다고 말한다."	main-forum	2.4
"중동에는 ""전쟁""이 없다."	중동에는 전쟁이 없다.	main-forum	4.6
낙태를 찬성하는 것의 일부는 합법화하는 것에 반대한다.	"친생애는 또한 ""낙태 반대""를 가리킨다."	main-forum	3.8
자본이득, 최고 금리 : 퍼센트.	- 소득, 최고 금리 : 퍼센트.	main-forum	2.8
좀비들의 계절에 우리는 모두 많은 불가사의로 가득 찬 배들이다.	환호를 위한 주제곡 : 우리는 모두 많은 경이로움으로 가득 찬 그릇이다.	main-forum	2.8
아니, 나는 당신이 고의적으로 무지하다는 것을 보여준다.	롤, 당신은 너무 무지해요.	main-forum	4
우리는 모두 많은 불가사의로 가득 찬 그릇이다.	바비 조타수에 의한 징글 벨 록 우리는 모두 많은 불가사의로 가득 찬 그릇이다.	main-forum	3
슬프게도 포드는 납세자 돈을 받아들였다.	포드는 회사를 구하기 위해 납세자 돈을 받지 않았다.	main-forum	2.8
이슬람교도들은 쿠르안 에 대해서도 같은 말을 할 것이다.	힌두교도는 바가바드 기타에 대해 같은 말을 할 것이다.	main-forum	1
당신의 혼란은 나를 거짓말쟁이로 만들지 않는다.	그러면 당신의 혼란이 나를 거짓말쟁이로 만들지도 않겠죠.	main-forum	3.8
기독교인들이 극단적일 때, 그것은 단지 종교일 뿐이다.	이슬람교도들이 극단적일 때 그것은 테러이다.	main-forum	1.6
어떤 사람들은 '권리'가 가장 중요하다고 믿는다.	어떤 사람들은 태어나지 않은 사람을 도살하지 않는 것이 가장 중요하다고 믿는다.	main-forum	1.2
진화는 의견이 아니라 신념이다.	원자 이론은 의견이 아니라 신념이다.	main-forum	1.6
나는 다른 여성의 몸을 결정할 권리를 주장하는 사람이 아니다.	당신은 다른 사람들이 여자의 몸을 결정하길 원한다.	main-forum	2.8
론 폴은 대체 어디 있는거야?	미디어는 대체 어디 있는거야?	main-forum	0.8
당신은 5각형에 미사일의 잔해가 없다.	당신은 5각형에 A-의 잔해가 없습니다.	main-forum	2.4
"""재활이 절대 효과가 없을 거라고 말한 적 없다""고 말해야 할 요점이 있다"	수조번째로, 나는 재활이 효과가 없다고 말한 적이 없다.	main-forum	3.4
내 머리는 예쁜 것 같아 / 인용구 : 디토.	내 머리는 예쁜 것 같아 / 웁스!	main-forum	3.8
당신은 가난한 사람들이 그들의 행동에 책임이 없다고 생각하는 것 같다.	사람들은 그들의 행동에 책임이 있다.	main-forum	1.6
그것은 부속된 수하물에 대한 것이다.	그건 같은게 아니야.	main-forum	0
왜 올빼미가 참여하지 않았다고 생각하니?	그것은 그것이 참여하지 않았다고 말하지 않는다.	main-forum	1.6
로울은 당신의 내장을 보고 싶어해요!	그것을 보기를 고대해라!	main-forum	1.8
원래 자코가 게시한거야!	원래 이지에 의해 게시되었어요!	main-forum	1.2
실을 만들어 주셔서 감사합니다.	사탕 - 오늘 시작해서 고마워.	main-forum	4.8
그게 아니었다는 것만 빼면.	그들이 할 수 없다는 것 빼고는...	main-forum	1
만약 내가 너에게 빚을 진다면, 나는 문제가 있다.	내가 당신에게 1조 달러를 빚졌다면, 당신은 문제가 있다.	main-forum	2.2
만약 증거를 제시하지 않는다면, 그것은 거부되어야 한다.	만약 어떤 입장이 검증할 수 없다면, 그것은 거부되어야 한다.	main-forum	4.8
현재 멕시코의 번영 수준에 있는 모든 사람들	"현재 ""번영"" 단계의 북서 아프리카에 있는 모든 사람들"	main-forum	1.4
로, 미국에서 차량을 운전하려면 테스트를 받아야 하지 않나요?	미국에 총기 소지 테스트가 있습니까?	main-forum	0.8
우리 둘 다 영화가 좋다고 생각했고, 우리는 어떤 식으로든 혼란스러워하지 않았다.	나는 그것이 좋다고 생각했고, 혼란스러워하는 것을 발견하지 못했다.	main-forum	3.2
신이 존재하지 않는다면, 어떤 것도 도덕적으로 잘못될 수 있을까?	나는 다시 한번 신이 존재하지 않는 것이 도덕적으로 잘못될 수 있는지 묻는다	main-forum	5
법은 헌법과 충돌하지 않는다면 헌법이다.	헌법을 위반하는 것은 불합리한 수단이다.	main-forum	3.6
원래 무슬림 소녀 우프스가 게시한 글 미안해!	원래 이슬람 소녀가 게시한 것은 완전한 불가능이 아니다.	main-forum	1.2
이것은 너의 나라가 아니다.	여긴 우리 나라야.	main-forum	1.4
원래 Zaf가 게시한 것 가운데에 있는 물이 차이를 만든다고 생각합니다.	원래는 Zaf가 장기적으로 게시한, 예.	main-forum	1
콘은 경기를 던졌다.	애디 조스 콘이 한 게임을 던졌다.	main-forum	4.2
lashl에 의해 편집 : 불경을 적절히 감추기 위해 편집되었습니다.	lashl에 의해 편집 : 인용된 게시물에서 모독을 적절하게 숨기기 위해 편집되었습니다.	main-forum	4.8
배심원단은 배심원 무효화에 대해 이야기하지 않는다.	당신이 제공하는 인용문은 배심원 무효화와는 아무 관련이 없다.	main-forum	1.6
피해자를 추적해봤는데 증거가 있나요?	편집증에 대한 증거가 있나요?	main-forum	1
검색 버튼을 많이 사용하지 않으시죠?	검색 버튼을 전혀 사용하지 않으시죠?	main-forum	4.2
나는 Paul이 슛을 날릴 수 있다고 생각하지 않는다.	Paul은 주사를 맞지 않는다.	main-forum	3.6
좀비들의 계절에 우리는 모두 많은 불가사의로 가득 찬 배들이다.	세상에 대한 기쁨은 우리 모두는 많은 경이로움으로 가득 찬 그릇이다.	main-forum	3.2
만약 그들이 공부를 망쳐놓으면 어떡해?	만약 그들이 개인적인 편견을 가지고 있다면?	main-forum	1
특히 세례를 받는 사람이죠.	특히 불가지론.	main-forum	1.2
그리고 동해안의 많은 부분을 차지한다.	그리고 서해안의 일부.	main-forum	0.8
왜 히브리 부족 내의 여자들에 대해 이야기하고 있는거야?	우리는 여성을 전쟁 현상금으로 이야기하고 있었다.그렇지 않았는가?	main-forum	1.4
어젯밤 일본군은 홍콩을 공격했다.	어젯밤 일본군은 필리핀 섬들을 공격했다.	main-forum	2.6
생명력에 대한 당신의 정의는 무엇인가요?	"""영혼""에 대한 당신의 정의는 무엇인가요?"	main-forum	3.6
그것은 유권자들에게 직접적인 책임이 아니다.	하지만 그들은 그들의 유권자들에게 책임이 있다.	main-forum	2.6
이념은 폭력적인 확장을 중심으로 세워졌기 때문에, 그렇다 - 폭력적인 확장이다.	이념은 폭력적인 확장과 인종 우월성을 중심으로 구축되었다.	main-forum	4
이게 관장일 수도 있나요?	@ ossobuco, 이것이 관장이었을 수 있습니까?	main-forum	4.6
나의 마지막 단어 : 무시는 정상화의 효과를 가지고 있다.	이점을 이용하여 보강하는 효과가 있다.	main-forum	0.4
허용되는 것과 허용되지 않는 것을 확인하기 위해 각 게시자의 특정 정책을 확인해야 할 겁니다.	책을 출판해야 할 경우, 그리고 당신은 그것을 허가하는 출판사를 하나 찾았습니다.	main-forum	3.00
나는 대학 운영 참가자 풀에 대해 알지 못한다.	나는 북미에서 내가 일한 대학들에서 인간과 관련된 연구(ESP)를 수행했다.	main-forum	0.60
입학(일반적으로 나이와 관련이 없어야 하는 것) 과는 별도로, 당신의 질문과 관련된 것이 있다.	나이는 유럽 대륙에서 박사학위 입학의 요소가 아니기도 하다.	main-forum	1.00
이 게시물은 스템 분야의 연구를 말하며 다른 연구 주제에 적용되지 않을 수 있습니다.	이것은 컴퓨터 공학에서의 나의 경험에 관한 것인데, 나는 폭을 위한 독서가 더 중요한 접근 방법이라는 것을 발견했다.	main-forum	0.60
@ schultem이 언급했듯이, Adobe Acrobat Pro에 대한 비용을 지불하고 싶지 않으면, 라텍스는 내장된 하이퍼링크로 이를 수행할 수 있습니다.	온라인으로 파일을 호스팅 하는 것을 꺼리지 않는다면 슬라이드 공유는 좋은 해결책입니다.	main-forum	0.80
나는 이 문제를 구체적으로 다루는 어떤 기준도 있을 것 같지 않다.	"이 경우 당신은 지도 전체에서 답을 찾을 것이다(즉, ""표준""은 없을 것)."	main-forum	2.40
내 대답은 네가 무엇에 관해 말하는 건지에 달려있을 것이다	내가 GRES에서 보는 문제는 점수 범위가 매우 압축되어 있다는 것이다.	main-forum	1.00
만약 여러분이 그것에 접근할 수 있다면, 톰슨 로이터의 과학 포털 웹을 통해 그것을 매우 쉽게 할 수 있다.	http://arxiv.culturomics.org 에서 Arxiv 컬토로믹스 웹사이트를 볼 수 있는데, 이것은 그러나 arxiv 에 대한 기사에서 검색한다.	main-forum	0.20
일반적으로 포스터로 이어지는 여러 가지 다른 구별된 워크플로우들이 있습니다.	완성도를 위해, 애플의 페이지에는 꽤 적은 괜찮은 포스터 레이아웃들이 있다.	main-forum	0.60
상대방이 주지 않을 수도 있다는 것을 잘 알면서도 수치를 요구하는 것은 완전히 괜찮다.	당신은 항상 물어볼 수 있다. 그러면 받아 들일지 말지 결정하는 것은 저자의 선택이다.	main-forum	3.60
그 학년은 미국에서 9월경에 시작되며 대부분의 유럽 국가들이 그렇다고 생각한다.	나는 당신이 원하는 더 나쁜 성적을 받지 않기 위해 일을 가속화하지 않을 것이다.	main-forum	0.20
"나는 브라보가 방금 다른 대답으로 말한 것과는 정반대의 의견을 말할 것이다: ""위해 가!"""	입학을 연기할 수는 있지만 1년 동안 연기하는 것은 좀 이례적인 일입니다.	main-forum	0.20
편집, 다시 : 질문이 다시 바뀐 것 같습니다.	나는 교수진이 학생이 자격시험에서 어떻게 수행했는지를 폭로할 수도 있는지 세 가지 이유를 생각할 수 있다.	main-forum	0.00
"나는 세터로페에 전적으로 동의한다, ""네트워크 과학""은 매우 광범위한 주제이다."	나는 당신이 그것을 잘못된 방법으로 접근하고 있다고 말할 것이다.	main-forum	0.00
과시적인 방식으로(개인적으로나 조심스럽게 하는 것보다) 이데올로기를 지지하는 것은 성격 문제이다.	나는 적절한 대답을 위해 '나쁜' 이데올로기가 무엇인지 정확히 알아야 한다고 생각한다.	main-forum	1.20
이것은 당신의 질문에 완전히 대답하지 않지만, 그것은 확실히 하나의 고려 사항이다.	나는 수학, 컴퓨터 과학, 공학을 포함하는 학제 간 전공인 컴퓨터 과학 박사과정 학생이다.	main-forum	0.00
몇 가지 가능한 문제: 1) 그러한 ID 시스템은 약간 거슬리는 것처럼 보인다.	수학에서, 우리는 이미 이런 종류의 데이터베이스를 가지고 있다 - 사실, 두 가지, 수학과 젠트랄블랫 수학에서.	main-forum	0.40
다른 답들에 대한 보완으로서, 왜 행성들이 동주기 자전을 하는 경향이 있는지에 대한 질문을 다루겠습니다.	여기 있는 다른 답들은 기술적인 의미에서 설명하기에 환상적이다.	main-forum	0.40
별들이 회전하고 있지만, 그것이 그들의 안정성의 원인은 아니다.	별들은 그들이 형성한 가스의 각운동량 때문에 회전한다.	main-forum	3.00
실제로 안드로메다 은하(m31 )와 은하수(mw )는 충돌로 가는 길에 있는 것으로 보인다.	몇 십억 년 안에, 은하수와 안드로메다는 충돌할 것이다.	main-forum	4.40
"짧은 대답은: 우리는 많은 별들이 기여한 ""것""들로 만들어집니다."	우리가 단 하나의 별에서 나온 것으로 만들어진다는 것은 매우 가능성이 없다.	main-forum	3.20
우리가 아는 것은 이것뿐이다: 먼 물체들이 우리와의 거리에 비례하는 속도로 우리에게서 멀어지고 있다.	공간의 확장은 우주론적 거리에 있는 물체들이 서로 멀어지고 있다는 것을 의미한다.	main-forum	3.40
크리스가 위에서 말한 것처럼, 별들은 각운동량을 보존하기 위해 회전한다.	별들이 회전하고 있지만, 그것이 그들의 안정성의 원인은 아니다.	main-forum	3.40
이 웹사이트에 따르면, 2월 2일경에 가시적 최대 크기는 약 10.5일 것이다.	AAVSO 데이터는 이미 10.5(시각적으로) 정도에서 정점을 찍었을 수 있음을 나타내는 것으로 보인다.	main-forum	3.60
이 모든 효과는 11년의 태양 주기와 관련이 있다.	나는 태양 표면의 폭발의 예측에 관한 부분에 대해 대답하는 것에 구체적으로 할 것이다.	main-forum	0.80
"우리는 움직이는 동행 우주 정지 좌표계에 비례하여 이동하고 있습니다 ... 약 371km / s에서 별자리 leo 쪽으로. """	다른 물체와는 관련이 없는 '정지'는 없다.	main-forum	0.80
네, 달의 겉보기 크기는 30 아크민인 것은 사실입니다.	"달을 ""실황""으로 바라볼 때, 당신은 정지된 이미지를 보지 못하고 있습니다."	main-forum	1.00
구상 성단의 데이터가 M13의 데이터와 동일하다고 가정합시다.	구상 성단은 복합 항성계의 스펙트럼에서 흥미로운 위치를 차지합니다.	main-forum	1.60
왜 빛의 속도는 299,792,458 m/s이고 (예를 들어) 3,1 또는 4,3 x 10^ 44 m/s가 아닌가?	빛의 속도의 유한함은 우리 우주의 기본 요소 중 하나이다.	main-forum	1.00
당신의 정의에 따르면, 연성계(따라서 일부 중력체 근처에)에 형성된 별은 일반화된 행성이다.	"""일반화된 행성""에 대한 당신의 정의의 주요 결함은 별과 행성 사이의 경계일 것입니다."	main-forum	3.20
별들 사이의 거리를 계산하는 데 사용되는 방법은 3차원 삼각법이다.	두 별들 사이의 각과 떨어져 있는 거리를 알고 있다면 2차원 삼각법만 있으면 된다.	main-forum	2.00
멀리 있을수록 은하들은 더 빨리 우리에게서 멀어진다.	물리학 스택 교환 웹사이트에 게시된 비슷한 질문에 대한 나의 대답은 다음과 같다.	main-forum	0.00
분자 구름에서 스스로 발달하는 별은 별 형성 영역에 형성된다.	우리와 같은 태양계가 은하계 밖에서 존재할 수도 있을 것입니다.	main-forum	0.60
블랙홀(간략히 )은 질량이 3개 이상의 태양 질량을 가진 죽은 별에 지나지 않는다.	"나는 네가 ""현지 그린위치의 항성 시가 언제야?""라고 물으려 한 것 같다."	main-forum	0.00
네, 하지만 그것은 같은 별자리에 머무르지 않습니다.	별자리는 밤하늘을 이해하기 위한 인간의 구조물이다.	main-forum	1.40
작은 행성들이라 불리는 소행성들은 - 작은 내부 태양계 작은 암석들이라고 불리는 것이다.	여러분이 언급하고 있는 물체는 사실 소행성과 혜성의 두 가지 다른 물체입니다.	main-forum	2.00
몇 년 전에 PHP와 자바스크립트(Github Link)를 사용하여 쓴 어휘 결정 과제가 여기 있다.	참고로, 나는 간단한 웹 기반 어휘 결정 작업 소프트웨어를 직접 작성하게 되었다.	main-forum	2.60
사회불안장애를 가진 사람이 외향적인 사람이라고 상상하는 것은 꽤 어렵다.	표면적으로는, 그것은 사회불안 장애와 외향성이 같은 사람에 존재해서는 안 된다고 보인다.	main-forum	4.20
감정이 둘 다 포함할 수 있기 때문에, 감정은 생각이나 감각으로부터 완전히 묘사하기가 어렵다.	기술적으로 말하면, 감정은 뇌에서 처리되는 방식이 생각과 다르지 않습니다. 둘 다 신경 전달 물질을 포함합니다.	main-forum	2.80
나는 본래 질문과 관련된 추가 개념을 발견했다 : 원형 이론.	현재 인간 개념 학습의 모델에 따르면, 여러분의 질문에 대한 답은 둘 다입니다.	main-forum	0.00
특별한 기억 능력을 가진 사람들이 있는데, 때로는 직관적 기억이라고도 불린다.	왜 이것이 사실이 아닌지에 대한 많은 주장들이 있다.	main-forum	0.00
스파이크 트리거는 특정 유형이거나 역상관 관계의 부분 집합, 공분산 및 확률의 하위 집합이라고 말할 수 있습니다.	스파이크 트리거 평균화의 소박한 버전과 정교한 버전이 있습니다.	main-forum	2.00
다른 주석에서 언급한 바와 같이, 분산 분석은 예측 변수의 유형을 혼합할 때 문제가 됩니다.	나는 멀티태스킹을 빠른 태스크 전환이라고 생각하고 싶다.	main-forum	0.00
q : 사람들이 극단적 (또는 그렇지 않은) 상황에서 자신의 동료들을 암묵적으로 신뢰하는 이유는 무엇인가?	다른 (s) 인식에 의존하는 한 인간 존재는 인간 사이의 신뢰 수준에 의해 정의된다.	main-forum	2.60
내재적 보상은 활동을 완료함으로써 얻는 감정적 보상이다.	프레드릭 헤르츠버그의 동기부여 2요인 이론에 따르면, 내재적 보상은 동기부여이다.(예:)	main-forum	2.60
아마도 작업 구역 간판에 대한 반응으로 운전자가 속도를 늦추는 결정은 많은 요인의 영향을 받습니다.	"이 짧은 강연은 ""약간 속임수""의 문제를 다루고 있다: 댄 애리얼리: 우리의 거슬리는 도덕규범."	main-forum	0.00
성인 iQ를 공부할 때, 일반 성인 규범은 종종 사용된다.	기본적으로, 당신이 하는 것은 각 연령대 IQ를 표준화 표본과 비교하는 것이다.	main-forum	2.60
일부 고대의 역사적 선례는 $ 10 $를 선호하지만 $ 6 $또한 선호하기 때문에 위키피디아의 완벽한 숫자에 대한 혼합된 지원입니다.	이것은 정말 가능하지만, 나는 그것이 타당성 이외의 이유로 실험적으로 행해진 것을 보지 못했다.	main-forum	0.00
이것들은 흥미로운 연구들이지만, 결론은 : 예, 환경은 인지 능력에 영향을 미칩니다.	나는 당신이 인지능력이라 하는 것의 의미하는 것이 무엇인지는 잘 모르겠지만, 나는 언어가 우리가 생각하는 방식을 형성한다고 절대적으로 믿는다.	main-forum	1.60
이것은 행동 연구자들에게는 비교적 새로운 문제이기 때문에, 나는 공통된 합의가 있다는 것은 모른다.	세 가지 하위 질문 중 첫 번째 질문만 말씀드리겠습니다. 다른 질문들은 척 셰링턴이 답변했습니다.	main-forum	0.00
비인간 동물도 지능을 가지고 있다면, 왜 그들의 지능은 인간만큼 발전하지 않은 것일까요?	당신의 이론은 진화론에 대한 라마르크적 해석에서 따온 것 같기 때문에 나쁘다.	main-forum	0.60
토끼 정신병 검사 목록은 종종 임상 환경에서 정신병을 평가하는데 사용된다.	9살짜리를 사이코패스라고 부를 수 있겠나? 라는 제목의 기사에서	main-forum	1.80
나는 스테이크를 냉동지에 개별적으로 싸서 지퍼락 냉동 가방에 넣는다.	플라스틱으로 잘 감싼 다음(개별 ) 냉동 가방에 넣으세요.	main-forum	3.80
기름 외에도 요리를 시작하기 전에 그릴이 멋지고 뜨겁게 익도록 하세요.	나는 종이 타월을 사용해서 그릴에 기름을 발라 왔고, 나는 방금 신문이 훨씬 더 잘 작동한다는 것을 발견했다.	main-forum	1.60
내가 발견한 가장 좋은 방법은 구워지기 전에 몇 시간 동안 겉껍질에 귀를 담그는 것이다.	물그릇에 있는 겉껍질에 귀를 푹 담가라.	main-forum	3.20
사실 밀가루의 종류에 따라 몇 가지 차이가 있다.	차이는 5 %에서 15 %까지의 범위로 차이가 있는 밀가루에 함유된 단백질의 양입니다.	main-forum	2.60
난 계란의 수에 따라 시간의 길이를 조정한 적이 없다.	나는 타이밍을 느낄 만큼 달걀을 끓이지 않는다.	main-forum	3.00
나는 그냥 치즈를 강판에서 떨어져 가장자리에 더 가까이 붙인다.	"질문의 표현으로, 나는 당신이 피라미드형 강판 또는 ""시트"" 강판 중 하나를 사용하고 있다고 확신합니다."	main-forum	1.40
나는 팬케이크를 냉동실에 2개월 이상 보관해 두었고 냉동상을 입지 않았다.	그것은 포장의 종류와 냉동고에 달려있다.	main-forum	1.60
벌브를 정향으로 부수고, 바닥과 중간에 올라가는 마른 막대기를 부숴라.	정향에 수평으로 칼을 놓고 그것을 치세요.	main-forum	1.60
나는 이 레시피를 간신히 찾았고, 나는 이것이 내가 아이디어를 얻은 곳이라고 생각한다.	나는 BBQ 소스를 몇 개만 만들었지만, 그들은 항상 아주 잘 나왔다.	main-forum	1.00
나는 일단 익힌 후에 다진 것(통조림)과 신선한 마늘의 차이를 맛볼 수 없다고 믿는다.	내 경험상 신선한 마늘은 질감을 원하거나 맛을 우려내는 것을 천천히 하려고 할 때 아주 좋다.	main-forum	1.80
나는 피부가 함께 붙은 연어를 구운다.	연어는 훌륭한 선택이며, 어디서나 쉽게 구할 수 있다.	main-forum	1.80
내가 일하는 조리법은 당신이 고기를 냉동고에 넣고, 팬으로 갈아서 볶는다.	완전히 차가운 고기 한 조각부터 시작해서, 나는 빠르게 바깥 표면 전체에 끓는 물을 부어 줍니다.	main-forum	1.40
그들은 전혀 똑같은 맛을 내지 않으며, 더 중요한 것은, 그들은 같은 냄새를 내지 않는다.	흑후추와 백후추는 후추 식물의 열매에 대한 다른 준비물입니다.	main-forum	2.60
이것은 당신이 구입한 토마토 품종의 유통기한에 달려있다.	토마토는 냉장고에 보관하면 더 오래 지속될 것이지만, 실제로는 그곳에 보관하지 않는 것을 추천합니다.	main-forum	2.00
응고된 계란 단백질은 글루텐과 결합하여 구운 제품에 필요한 지지 구조를 부여합니다.	기본적으로 두 종류의 케이크가 있다: 버터와 스폰지(또는 제노이즈).	main-forum	1.00
일반적인 것은 해덕이고 거의 일 년 내내 제철이다.	흰 물고기는 일반적으로 어두운 살이 있는 물고기보다 더 섬세하게 맛을 냅니다.	main-forum	1.40
좋은 체다에는 젖산칼슘 덩어리가 안에 거의 없다. 그게 맞을 수 있을까?	나는 두 가지 의심이 있다: 하나는, 너는 너의 룩, 밀가루와 버터 혼합물을 잘 익히지 않고, 밀가루를 완전히 포함시키지 않고 있다.	main-forum	0.60
구리는 금속성 특성(열이 빠르게 가해지고 열을 고르게 분산시키는 등) 때문에 특정 작업에 유용할 수 있다.	아마도 주관적일 것입니다. 하지만 ... 좋은 입혀진 스테인리스 스틸은 구리보다 달러 당 훨씬 더 나은 요리 성능을 제공합니다.	main-forum	1.40
"그녀는 분명히 정당한 변명을 가지고 있다. 하지만 그녀는 더 책임감 있게 ""전에"" 너에게 말해 줬을 수도 있다."	첫 번째는 둘 다 더 책임감이 있고 그 문장에서 당신에게 말했다고 포괄한다.	main-forum	0.40
어떤 경우에는 톰이 그녀를 사랑하지 않는다는 암시가 될 수도 있다.	그런 문장에서 톰에 대한 함축은 전혀 없다.	main-forum	1.80
나는 이 문구를 영어로 들은 적이 없다는 점에서 다른 사람들(그리고 당신)과 동의한다.	나는 당신이 언급한 문구를 듣거나 본 적이 없다.	main-forum	4.00
그 주장은 거짓이다, 적어도 네가 여기서 그것을 다시 언급했기 때문이다.	"네가 사용하는 문맥 안에서 ""나는 주로""는 괜찮다."	main-forum	0.60
나는 당신이 당신의 학생들의 모국어(들)의 구성을 살펴보라고 제안할 것이다.	바이크보이389가 말했듯이, 여러분은 학생들의 모국어를 보면서 많은 것을 배울 수 있습니다.	main-forum	2.80
나 또한 상태에 대한 언급을 셀 수 없는 것으로 보지만, 그것은 나에게 별로 말이 되지 않는다.	"""상태""가 셀 수 있는 경우가 몇 가지 있다."	main-forum	2.60
내가 당신을 올바르게 이해하고 있는 거라면, 당신은 포함과 배제의 상위어를 찾고 있는 것이다.	포함은 포함 행위이고 배제는 배제 행위이다.	main-forum	2.60
첫째, 두 가지 다른 종류의 대시가 있다는 것을 알아야 합니다 : en 대시와 em 대시.	세미콜론은 혼자 있을 수 있는 문장에 참여하는데 사용되지만, 그들의 관계를 강조하기 위해 결합됩니다.	main-forum	0.60
"이 대답의 간결함을 용서하십시오. 하지만 ""이름""은 예제의 맥락에서 선호됩니다."	정식으로 방법에 이름을 지정하고 있기 때문에 당신의 예제에서는 이름을 지정하는 것이 좋습니다.	main-forum	4.40
"표준 영어에서, 나는 ""don 't get""은 ""ain't""와 같은 기록을 가지고 있다고 생각한다."	나는 I don't got... 이라는 표현이 일반적인 구어체 미국 영어에서 드물다고 말하고 싶다.	main-forum	2.20
"""more posh"" 라는 단어는 보통 라틴어(때로는 그리스어)이다."	신토가 지적했듯이, 저속한 단어들은 모든 언어에 존재한다.	main-forum	1.00
나는 미국인이고, 나는 화장실을 성 요한이라고 부르는 것을 들어본 적이 없다.	이런 상황에서는, 나는 그 문구를 길게 하는 경향이 있다.	main-forum	0.00
배변에 사용되는 방은 거의 항상 완곡어법으로 언급된다.	나는 영국인이고, 아마도 대부분의 경우에 'toilet'을 사용하고 항상 개인 가정이라는 맥락에서 사용할 것입니다.	main-forum	1.60
"나는 오직 ""insofar as"" 혹은 ""insofar that""으로 사용되는 문맥만을 생각할 수 있다."	"그 ""insofar""양식은 미국 영어이다; 영국과 다른 영어의 표준 양식은 'in so far '이다."	main-forum	1.80
"다른 사람들이 말했듯이, ""6명 중 10명""은 많은 영어권 지역에서 사용되지는 않았지만 5 : 50으로 이해될 것입니다."	"""6명 중 10명은 아마도 5 : 50을 의미하지만 나는 전에 그것을 듣지 못했습니다."	main-forum	3.80
"확실히 많은 사용 가이드는 다양한 ""논리적"" 근거에서 이 ""단수""의 사용을 금지했습니다."	"두 번째 (글쓰기 목적으로) , 만약 내가 ""그들/그들의 (단수)"" 기사를 믿는다면."	main-forum	3.00
"이것은 지나치게 명백할 수도 있지만, 미국 영어에서는 ""환영합니다""라고 말하는 것이 확실히 예의 바르고 표준적입니다."	"""감사합니다""에 대한 응답으로 ""전혀""가 어떻게 들리지 않는지 확신할 수 없습니다."	main-forum	1.40
"과거에는 ""케이블""이 해외로 보내진 통신을 설명하는 데 사용되었습니다."	"""케이블""이라는 단어는 전신 시대에 유래되었다."	main-forum	3.00
이러한 표현들은 특히 금융에 대해 이야기할 때 약간 다른 의미를 가질 수 있다.	나는 인터넷을 네트워크 다이어그램에 구름 모양으로 그리는 습관에서 유래된 문구라고 생각한다.	main-forum	0.40
미국에서는 감옥이 시와 군(또는 동등한 것)에 의해 운영된다.	감옥은 시립 수준이며, 감옥은 주 / 연방 / 주 / 영토 수준에 있습니다.	main-forum	3.60
네, 사선 대신 실제 단어를 쓰면 문장이 더 분명해질 것입니다.	"대부분의 스타일 가이드는 ""x 및 / 또는 y""와 같은 구문에서 사선을 사용하지 말 것을 권장하며 ""이것은 어렵고 / 불가능한 일""입니다."	main-forum	3.40
만약 당신이 자신과 적을 이해한다면, 당신은 어떤 전투에서도 이길 가능성이 훨씬 더 높을 것이다.	이론적 전투에서 승리할 확률을 제외하고 이 인용문 뒤에 있는 또 다른 의미는 다른 사람들을 알고/이해하는 것의 중요성이다.	main-forum	2.80
여러분이 할 수 있는 많은 팔굽혀펴기 종류들이 있고 그것들은 모두 다른 근육 체계를 자극합니다.	밖에는 몇 가지 다른 팔굽혀펴기 종류들이 있으며, 대부분은 독특한 이점을 제공합니다.	main-forum	4.20
여러분은 확실히 정상적인 운전을 위해 자전거에 팔을 얹고 체중을 지탱하고 싶지는 않습니다.	아니, 팔에 체중을 지탱하지 마라. 손은 단순히 그 모든 체중을 지탱하기 위해 만들어진 것이 아니다.	main-forum	4.20
네, 달리기 전에 스트레칭을 해야 하지만, 앉고 닿는 종류의 스트레칭을 하는 것은 아닙니다.	신경근육 활성화와 동적 스트레칭은 달리기를 위한 동적 스트레칭 루틴에 관한 훌륭한 비디오입니다.	main-forum	1.80
나는 당신의 고통을 느낀다 - 나는 어떤 격렬한 운동으로도, 심지어 시원한 조건에서도 땀을 절대적으로 쏟는다.	땀 분비량은 땀 분비량이다, 너는 그것을 정말로 통제할 수 없다.	main-forum	1.00
내리막길을 달리는 것이 대퇴 근육을 강화하는 가장 좋은 방법이다.	또한 사람들은 내리막 마라톤이 더 쉽다고 생각할 것이다. 하지만 사실, 오르막 마라톤보다 더 어려운 경우도 많다.	main-forum	2.00
나는 근력의 형성을 위한 단백질 소비에 대해 이야기하는 훌륭한 기사를 최근에 우연히 발견했다(회복을 포함해).	고중량 저반복은 운동 기간이 짧게 유지되기 때문에 질량을 더하지 않습니다.	main-forum	1.00
정사각형을 지나서 돌면서, 런지와 종아리 올리기를 약간 타는 느낌이 들 때까지 각각을 합니다.	공기 스쿼트, 전방 및 측면 런지, 스프롤, 벽 의자, 그리고 많은 점프 로프.	main-forum	1.60
만약 당신이 일주일에 6일 동안 전신 운동을 한다면, 당신은 절대적으로 나머지 주가 필요하다.	휴식을 취할 수 있는 생리적, 신경학적 이유가 있다.	main-forum	2.60
나는 내가 도로에서 달릴 때와 러닝머신을 달릴 때의 놀라운 차이를 알아차렸다.	러닝머신은 진짜로 달리는 것의 충격에 대해 준비시켜 주지 않을 것이다.	main-forum	3.20
이동 간 하루 운동 목표량에 대한 구글 검색은 여러분이 사용할 수 있는 많은 결과를 가지고 있습니다.	@ sarge가 말했듯이, 이것은 의사가 제대로 진단하기 위한 것이다.	main-forum	0.40
당신이 여기서 좀 모호하게 굴었기 때문에, 나는 당신에게 막연한 대답만 줄 수 있습니다.	일반적으로 근육을 준비하게 하는 것은 무게가 적은 운동만 하는 것을 필요로 된다.	main-forum	0.00
무엇보다도, 사실, 당신은 3-4주마다 운동 루틴을 바꾸어야 한다.	당신은 그것들을 섞을 수 있지만, 내 경험상, 그것은 처음에는 매우 어려울 것이다.	main-forum	0.00
적절하게 실행된 웨이트 트레이닝은 유연성과 이동성을 감소시키지 않고 증가시킵니다.	나는 무게를 드는 동안 여전히 매우 유연한 남자들을 보아왔다.	main-forum	2.20
내년까지 씨앗을 저장하는 것이 여전히 가능하다고 생각한다.	나는 토마토 씨앗을 직접 저장하려고 시도하지 않았지만, 후추 씨앗을 저장하려고 노력했다(그리고 그들은 가까이 연관된다).	main-forum	1.50
당신이 직접 먹을 야채에 그레이워터를 사용하는 것은 권장되지 않습니다.	물에 비누를 첨가하면 물이 기름을 녹이게 할 수 있습니다.	main-forum	0.60
예, 커피 가루에 필터와 함께하여 퇴비 더미에 넣을 수 있습니다.	물론, 우리는 커피를 식물성 식품에 넣고, 그중 많은 곳에 종이 필터가 포함되어 있습니다.	main-forum	4.00
잔디를 죽이지 않고 바랭이를 특별히 죽이는 구형, 신형의 것은 없다.	나는 바랭이를 죽일 수 있는 좋은 제품을 가져왔고, 당신은 90도 이하로 사용할 수 있다.	main-forum	1.80
당신이 원하는 만큼 익으면 바로 골라라.	나는 델라웨어에 살고 있고 이미 할라페노와 칠리 페퍼를 수확했다.	main-forum	0.60
엉겅퀴는 대부분의 장소에서 유해한 잡초로 분류되며 통제되어야 합니다.	내 정원의 경계 바로 너머 민들레 밭이 있는 곳에 나는 같은 문제를 가지고 있다.	main-forum	1.60
과일이 무거워지고 심지어 가지를 부술 수도 있기 때문에 가지에 대한 지지는 좋습니다.	어떤 지원은 특히 큰 과일 품종인 경우, 문제 되지 않을 것이다.	main-forum	2.40
"일반적인 말을 바꿔 표현하자면 ""한 사람의 잡초는 다른 사람의 잔디입니다.""입니다."	먼저, 나는 버뮤다 풀과 전투를 한 경험이 없다고 말할 수 있다.	main-forum	1.00
자연적인 햇빛 없이 실내에서 거의 어떤 것이든 재배할 수 있다.	우리는 실내와 냄비에서 고추와 작은 토마토를 재배한 꽤 많은 사람들이 있습니다.	main-forum	2.00
아마 씨앗을 따는 경우일 것이다, 한번 씨앗으로 사라지면 실제로 새로운 성장을 촉진하지 않을 것이다.	씨앗 머리를 식물에 오래 둘 수 있을수록 좋다(imho ).	main-forum	1.60
그래서 알다시피, 나는 이것에 대해 개인적인 경험이 없다.	이미 좋은 답변을 받아들인 후, 나는 어떤 대체되지 않은 전통에 기여할 것이다.(예	main-forum	0.20
과거에는 텍사스 북부의 우리 갑판에 있는 우리 냄비에 있는 잡초처럼 자랐다.	다른 대답에 덧붙여, 바질은 하룻밤 사이에 축축해지는 것을 좋아하지 않는 것으로 유명하다.	main-forum	0.20
여기에 다양한 종류의 호르몬 뿌리를 뽑는 화합물에 대한 매우 완전한 설명이 있다.	그것은 뿌리 성장을 자극하기 위한 것, 특히 뿌리의 생성을 자극하기 위한 것이다.	main-forum	2.00
나는 모든 것이 옳기 때문에 한 가지 대답만을 정확하다고 표시하기가 어렵다는 것을 알았다.	"나는 천천히 번식하고 멋지게 보이는 느린 성장 잡초와 같기 때문에 ""원숭이 풀""을 추천합니다!"	main-forum	0.00
간단한 대답은 예, 상추에 꽃싹이 돋아나는 것은 성장의 확실한 신호입니다.	그것은 마치 그것이 성장을 시작한 것처럼 보인다.	main-forum	3.20
흙은 좋은 토양부터 질이 나쁜 토양까지 거의 모든 것을 의미할 수 있다.	코코피트를 사용하세요 - 그것은 친환경적인 정원 채소와 식물을 위한 코코넛 껍질에서 유래된 유기농 토양입니다.	main-forum	1.00
"""ick factor""를 극복할 수 있다면, 쉽게 적용된 유기 질소 비료의 원천을 손에 쥐고 있다는 것입니다."	비료의 NpK 숫자는 질소, P2o5 및 K2o의 중량에 따른 백분율을 나타냅니다.	main-forum	2.00
당신의 더미를 통기 시키는 요점은 유기물을 분해하는 미생물에 산소를 공급하는 것이다.	당신의 더미는 그것을 돌리지 않고 퇴비화될 것이지만, 만약 당신이 그것을 돌리면 더 빨리 진행된다.	main-forum	2.40
나는 이것에 대해 이야기하는 책을 샀다. 그래서 여기 내 질문에 대한 답이 있다.	음, 나는 위험을 감수하지 않을 것이다, 차가운 퇴비 체계에서는.	main-forum	0.00
알로에들은 대부분의 즙이 많은 식물들처럼 매우 강건하고 상당한 방치에 견딜 것이다.	내 사무실의 몇몇 남자들은 알로에 식물을 심었다.	main-forum	1.60
이것은 진정하지 않은 스코틀랜드인의 주장에 대한 초대장과 매우 비슷하다.	"나는 @ t.e.d와 동의한다; 질문은 ""진정하지 않은 스코틀랜드 인""바 베팅입니다."	main-forum	3.80
일부 마을에는 역사가 있었고 따라서 고대 로마 시대로 거슬러 올라가는 이름이 있었습니다.	많은 마을과 마을들은 마을의 주인인 지배 가족으로부터 그들의 이름을 따왔다.	main-forum	1.20
미국은 군사력 때문에 세계에서 가장 강력한 나라이다.	미국은 지역으로 세계에서 5대 국가 중 하나입니다.	main-forum	2.00
거의 모든 나라들이 거의 같은 이유로 1950년대와 1960년대에 빠르게 성장했습니다.	50년대의 미국 성장률은 예외적으로 높지 않았다.	main-forum	1.00
여왕은 여왕 섭정(주권자)이나 여왕의 배우자를 모두 지칭할 수 있지만, 왕은 항상 주권자였다.	"여왕의 배우자를 ""왕""이라고 부르지 않는 것은 아주 좋은 이유가 있다. 왜냐하면 그들은 왕이 아니기 때문이다."	main-forum	2.00
무역으로 인한 중동 전쟁은 그 지역을 다차원적으로 전혀 만들지 않았다.	그들은 문제의 지역을 따라 몇 차례 충돌한 후 1941년에 시작된 조약을 맺었다.	main-forum	0.60
"""내가 정말로 찾고 있는 것은 무슬림 인구의 추정이다 ...""@ tosk and @ t.e.d. 대략적인, 일반적인 인구 추정 f.e"	다음은 중세 역사의 모서리가 접힌 새로운 펭귄 지도책에서 가져온 것입니다.	main-forum	0.00
힌두교와 불교에는 평화의 메시지와 물질주의적이지 말라는 격려가 있다.	"이것은 미국인에 의한 아시아 및 기타 비 유럽 문화의 ""발견""과 관련이 있습니다."	main-forum	0.00
나는 그것들이 발굴 장소나 박물관을 위한 그리스 티켓이라고 추측한다.	그것은 정말로 박물관이나 들판으로 가는 그리스 티켓처럼 보인다.	main-forum	3.40
이것들은 에피다우루스(아직도 사용 중인 극장을 포함하는)와 미케네의 고고학 유적지 티켓이다.	나는 그것들이 발굴 장소나 박물관을 위한 그리스 티켓이라고 추측한다.	main-forum	2.60
재스퍼의 축축 시대 개념을 재발견한 것 같군요.	중국으로부터 그리스 문화에 대한 영향력은 없었다.	main-forum	0.40
네, 개인적인 경험으로 볼 때, 그들이 확실히 휘파람을 불었다는 것을 알 수 있습니다.	2차 세계대전에서 폭탄이 떨어지면서 휘파람 소리가 난 것은 사실이다.	main-forum	2.80
진이 완전히 무너졌을 때, 장유는 중국의 주권자 이었다.	한 왕조는 시황디 정권이 붕괴된 후 진왕조 이후에 나왔다.	main-forum	2.00
역사상 가장 가까운 선거 중 하나인 1960년 케네디 선거를 둘러싼 심각한 문제들이 실제로 있었다.	당신의 원래 질문에 따르면 : 위키피디아 섹션은 조셉 P 케네디가 존 F 케네디의 승리를 샀다고 주장하지 않는다.	main-forum	1.60
"""풀과는 지구상에서 가장 널리 분포되고 풍부한 식물 그룹 중 하나입니다."	위키 페이지에 언급된 바와 같이, 목초 씨앗은 가축의 목초지를 개선하기 위해 새로운 세계로 수입되었습니다.	main-forum	1.40
htt : / / en.wikipedia.org / wiki / 역사 _ delhi # 초기 _ 역사는 적어도 12 / 13세기 이래로 델리 (또는 딜리)라고 불렸다는 것을 보여줍니다.	"나는 정확히 확신하지는 않지만 델리를 ""하시나""라고 부르는 언론(인도)을 기억한다."	main-forum	1.20
"고대 로마에서, ""주인,""또는 ""주인,""특히 노예의 주인, 복수 도미니."	그리스어를 사용하는 노예(, doulos )는 그의 주인을 (번역 : 쿠리오스 ; 주님, 주인 ,선생님 ; 음성 형식 : )이라고 부를 것이라고 생각한다.	main-forum	2.20
인도의 대부분은 포러스에 의해 통제되지 않았지만, 파탈리 푸트라를 중심으로 한 난다 왕조에 의해 통제되었습니다.	나는 알렉산더가 그의 말인 부세펠루스가 포러스와의 전투에서 받은 상처로 죽은 후 마음을 잃었다고 믿는다.	main-forum	0.60
예, 이것은 사실이며 예입니다. 대부분의 경우 부정 관사는 이미 @ mgn이 말한 것처럼 숫자에서 실제로 개발되었습니다.	숫자로 개발된 부정 관사와 지시사로 개발된 정관사.	main-forum	2.60
문법성을 보존하는 것과 문장의 의미를 보존하는 것은 두 가지 다른 것이다.	사실, 당신이 의미를 보존하는 것에 관심이 없다면, 여러분은 상당히 많이 제거하고도 문법성을 유지할 수 있습니다.	main-forum	3.00
요즘 몇몇 인도 유럽 언어에서는 여전히 기본 20개 숫자 체계의 나머지 부분을 볼 수 있다.	현대 영어와 다른 많은 잘 알려진 언어들은 숫자의 기본 10(IE 십진법) 시스템을 사용한다.	main-forum	2.20
어려움은 많은 이들이 제시하는 것처럼 언어의 쌍의 다양한 언어적 특성에서 비롯되지 않는다.	그것은 일반적으로 두 언어의 구문론적 구조와 -예 - 몇몇 실용적 문제에 의존한다.	main-forum	1.80
영어에서, 확실히 가장 흔한 do의 사용은 do-support이다.	"전통적인 문법에서, ""실행""이라는 단어는 여러분의 모든 예시에 있는 분사입니다."	main-forum	0.60
주의사항: 나는 3일의 편두통의 후미를 경험하고 있다.	나는 당신의 질문이 약간 혼란스럽다는 논평가들의 의견에 동의한다.	main-forum	0.00
이에 대한 이유는 러시아어가 영어보다 훨씬 더 음조가 좋은 언어이기 때문입니다.	나는 러시아어에 꽤 유창하지만, 영어가 나에게 특히 '차갑게' 들린다라고는 말하지 않을 것이다.	main-forum	1.60
앞 모음 전에 / k /의 구개음화는 여러 지역들에서 발생한다 : 러시아어, 그리스어, 터키어, 페르시아어 등.	스리랑카에서 사용되는 언어 중 하나인 신할라는 4가지 방식의 지시사 체계를 가지고 있다.	main-forum	0.80
구어체와 함께 사용되는 모든 동일한 분석 방법이 수화에서도 성공적으로 적용됩니다.	적어도 80년대 이후로 계속 진행되어온 한 가지 생각은 정지와 이동을 구별할 수 있다는 것이다.	main-forum	0.20
"뉴스 피크, ""의도적으로 빈곤한""언어는 사람들이 체제 전복적인 생각에 대해 의사소통하고 생각하는 것을 막기 위해 고안되었습니다."	모든 언어는 그것이 둘러싸인 문화적 가치에 스며들고 있다.	main-forum	1.00
예를 들어 러시아어에서는, 생물성이 생물 / 무생물에서 명확하게 구분되지 않습니다.	러시아어에서와 같이, 폴란드어는 무생물의 남성 명사를 소유 목적어 대 주격 목적어로 생물 남성 명사를 표시합니다.	main-forum	2.80
월스. 인포 사이트의 이 지도에서 보듯이, 많은 것들이 있다.	이 예시는 내가 첫해에 항상 도움이 된다고 생각하는 것이다.	main-forum	0.60
내가 이해한 대로, Zipf의 법칙은 언어에 관한 것이 아니라 통계와 확률에 관한 것이다.	모든 자연법칙과 마찬가지로, ZIP의 법칙은 근사치입니다.	main-forum	2.80
지금까지 무관심한 질문의 일부는 음소의 개념이 항상 논쟁의 여지가 있었는지 여부입니다.	"""음소""는 아마도 사라질 수 없는 이론적인 구성이다."	main-forum	1.60
"만약 여러분이 비언어적 환경에서 온다면, 시작하기 가장 좋은 책은 Fromkin의 , ""introduction to language""이다."	이것은 옥스포드에서 언어학 석사 과정을 시작하는 학생들에게 소개 교과서로 추천하는 것이다.	main-forum	1.40
내가 본 바로는 대부분의 영어 사용자들은 15000~20000 단어의 어휘 크기를 가지고 있다는 것이 일반적으로 받아들여지고 있다.	통계적 추정에 따르면 나는 약 7000개의 단어를 영어로 알고 있다.	main-forum	1.40
텐트는 열린 곳에서 자는 것보다 약간 더 많은 보호를 줄 수 있지만, 많이는 아닙니다.	아니, 텐트는 안에 있는 것을 원하는 곰으로부터 어떤 보호도 주지 않을 것이다.	main-forum	3.00
여기에 덧붙여야 할 몇 가지 요점은 코요테는 인간에 대해 공격적인 것으로 알려져 있지 않다는 것이다.	일반적으로 그들은 거의 사람을 공격하지 않기 때문에 위험하다고 여겨지지 않는다.	main-forum	3.20
나일론이 빠르게 건조되는 것은, 찢어지고 뜯어지는 것에 저항하며 상당히 호흡이 가능합니다.	나일론은 다른 합성물 중에서도 여러 가지 이유로 대부분의 야외 활동을 위한 의류에 이상적인 재료입니다.	main-forum	2.80
GPS(위키피디아)는 궤도를 도는 위성을 기반으로 하고 있기 때문에 전 세계적으로 정확하다.	GPS 시스템은 위성을 얻을 수 있는 모든 곳에서 작동할 수 있고, 작동한다.	main-forum	3.40
캘리포니아의 다른 지역들은 다른 야생동물들을 가지고 있기 때문에, 여러분은 아마도 그 지역을 좁혀야 할 것입니다.	미국 흑곰은 캘리포니아의 일부 황야 지역에서는 주로 산에서 흔히 볼 수 있습니다.	main-forum	2.00
그래서 스키를 타기 전에 기본적인 이해를 하는 것이 중요합니다.	스키는 수업을 받는 것이 매우 빨리 성과를 내는 스포츠이다.	main-forum	2.80
체육관에서 안전줄은 원통형 바에 싸여질 것이다.	좋아, 여기 우리가 반드시 다루어야 할 몇 가지 다른 문제들이 있다.	main-forum	0.00
나는 매년 여름 아즈를 방문하고 내가 거기 있을 때 사막에서 하이킹을 한다.	지금까지 말한 것 외에도, 물의 필요성은 또한 당신이 무엇을 먹는가에 달려있다.	main-forum	0.20
내가 아는 멋진 여성은 레이(링크)가 만든 의해 헤베네라 가방을 가지고 있다.	만약 여러분이 보라색 빙하 언덕에 정착할 수 있다면, 그리고 깃털 친구들이 그 색깔의 좋은 침낭을 가지고 있다면.	main-forum	0.80
의학적 맥락에서 색전증은 혈류에서 이동하는 큰 덩어리나 결함을 나타냅니다.	여기 위키피디아에 대해 압력과 관련된 부상에 대한 개요를 제시하기 위한 흥미로운 기사가 있습니다.	main-forum	0.00
뱀이 정지된 사람을 공격하는 것은 이례적인 일일 것이다.	"나는 파충류 학자가 아니지만, 내 경험에 따르면 뱀은 ""날 귀찮게 하지 말고, 나는 귀찮게 하지 않을 것이다"" 범주에 있다."	main-forum	4.20
내가 위에 썼듯이, 이 벽을 평가하기는 어렵다.	다른 사람들과 달리, 나는 그 경로가 꽤 잘 묘사되어 있다고 생각한다.	main-forum	0.20
"일단 독소에 그것을 개방하면, 그 답은 분명히 ""아니오""이다. 끓이는 것은 충분하지 않다."	끓이는 것은 여러분을 아프게 할 수 있는 특정 종류의 오염물질만을 제거합니다.	main-forum	3.20
캘리포니아의 다른 지역들은 다른 야생동물들을 가지고 있기 때문에, 여러분은 아마도 그 지역을 좁혀야 할 것입니다.	온라인 열량 추정 웹 사이트를 사용하여 대략적인 추정치를 얻을 수 있습니다.	main-forum	0.00
만약 여러분이 배낭에 곰 종을 달면, 여러분의 동료 등산객들은 당신이 귀찮게 굴어서 죽일 것입니다.	위의 조언은 꽤 괜찮습니다. 그냥 Bear Country의 음식에 대해 고려할 것을 추가하고 싶었습니다.	main-forum	0.60
오 친구, 나도 너처럼 이 비참한 길을 걸어왔어.	예, 새로운 반정적 로프(또는 동굴에서 알려진 단일 로프 기술 / srt 로프)를 세척하는 관행을 받아들이기로 했습니다.	main-forum	0.00
내 의견은 아이가 그것을 요구하기를 기다리는 것이다.	내 의견은 그 아이가 이것에 대한 욕망을 표현할 때까지 기다리는 것이다.	main-forum	4.80
병이 제대로 살균된 한, 병을 사용하는 것은 안전합니다.	나는 병들이 세제 잔여물을 제거하기 위해 충분히 헹궈진 한, 그것은 완전히 안전하다고 말할 것이다.	main-forum	3.80
그는 불편해서 기저귀를 벗고 있다.	잠시 동안만 작동할 수 있겠지만, 기저귀를 거꾸로 씌워보도록 해보세요.	main-forum	1.80
나는 '예'나 '아니오' 답변이 필요하지 않은 방식으로 질문을 하는 것을 추천한다.	만약 그가 소리 지르거나/아니면 잘못 행동하지 않는다면 마음이 바뀌는 것에 대해 걱정하겠니?	main-forum	0.40
네, 쌍둥이는 그들만의 언어를 개발할 수 있지만, 그것은 주어진 언어가 아닙니다.	여기 형제 쌍둥이와 함께 본 것이 있습니다. 말하는 법을 배우는 동안, 모든 아이들은 그들만의 방언을 개발합니다.	main-forum	2.60
네가 무엇을 하든, 그것이 아프다는 것을 그에게 보여주기 위해 그를 물지 마라.	우리는 항상 우리 아이들을 가볍게 입에 물었고, 따라서 그의 입이 너를 아프게 하는 것이라는 것을 그에게 보여주었다.	main-forum	1.60
"내가 들은 경험의 규칙은 ""어린아이를 위해, 큰 개""이다."	어떤 종류의 개라도 완벽하게 안전하거나 극도로 위험할 수 있다.	main-forum	1.40
나는 아기의 대화가 언어발달에 도움이 되거나 해롭다는 것을 보여주는 확실한 증거를 알지 못한다.	아기 말은 올바르게 사용되면 말 발달에 이롭다.	main-forum	2.00
집안일 보상(들)을 마련한다는 명시된 목표를 가지고 가족회의를 가질 가능성이 있다.	많은 어린이들은 보상에 의해 동기 부여되는 대신에 통제를 받는 것에 의해 동기 부여를 받습니다.	main-forum	1.80
요점은 젖을 먹으며 아기가 위장으로 빨아들이는 공기를 빼내는 것입니다.	"나는 내 아기와 함께 ""규칙""보다 그의 행동을 따르는 것이 더 정확하다는 것을 발견했다."	main-forum	1.20
보건 전문가와 직접 상담할 수 있는 학교장과 상담 경로를 가져야 합니다.	부모들이 선생님에게는 명백해 보이는 것을 보지 않으려 할 때 항상 어렵다.	main-forum	0.80
이 질문에 어떤 확실성으로 답하는 과학 연구를 찾기가 힘들 것입니다.	여러분이 언급하는 주제들은 매우 광범위하고 과학계와 밀접하게 관련되지 않습니다.	main-forum	2.20
치즈는 매우 건강하고 임신 중에도 좋지만, 어떤 종류는 심각한 문제를 일으킬 수 있는 리스테리아를 포함할 수 있다.	언급된 바와 같이, 치즈의 문제는 리스테리아의 잠재력이다.	main-forum	3.20
우리의 두 아이는 적어도 첫해 동안 휴대용 울타리 안에서 잠을 잤고, 아무런 문제도 없었다.	당신의 것은 우리가 내 아이들에게 사용했던 것(같은 브랜드와 모든 것)과 닮았다.	main-forum	1.40
난 깨물고 노는 장난감이 나쁘다고 말하는 것을 읽어본 적이 없다. 어디서 읽었니?	우리는 아이들과 손주들에게 얼음 조각에 싸인 깨끗한 천이나 아기 양말을 사용했습니다.	main-forum	1.40
나는 비슷한 상황에 직면해 있다; 덴마크인이고 (독일어를 사용하는) 오스트리아에서 살고 있다.	대안은 그녀를 단독으로 또는 추가로 보육원에서 힌디에게 노출시키는 것입니다.	main-forum	0.00
내 아들은 4살 생일이 될 때까지 배변 훈련을 받지 않았다.	여기 약 2.5년 동안 화장실 훈련을 시작한 내 아들에게 적용되던 몇 가지 것들이 있다.	main-forum	1.60
그녀에게 얼마나 첨벙거리는 것이 재미있는 것인지 보여주세요 - 그것이 우리가 한 것이고, 그것을 가지고 게임을 만들었습니다.	당신은 그녀에게 장난감을 가까이 두거나 그녀에게 장난감을 줄 수 있다.	main-forum	0.80
우리 딸은 항상 목욕을 좋아했지만, 밖으로 나오는 것은... 그리 많지는 않았다...	아내와 나는 원래 목욕 시간이 끝났을 때 우리의 신생아 쌍둥이가 ㅅ소란을 피우는 것과 같은 문제를 겪었다.	main-forum	2.80
의사 놀이를 하는 것은 모든 아이들이 어느 시점에서 시도하고 싶어 하는 것이다.	나는 그들이 5살과 4살 때 딸과 그의 여자 친구와 함께 비슷한 상황에 있었다.	main-forum	1.80
대부분의 의사들은 알레르기 반응에 대한 걱정이 거의 없기 때문에 쌀 시리얼을 첫 음식으로 추천한다.	숟가락으로 먹는 것은 그들에게는 특이한 경험이어야 한다.	main-forum	0.67
내가 유아 잠에 대해 찾을 수 있는 대부분의 문헌들은 주로 식습관이 아닌 잠에서 깨는 습관과 관련이 있다.	내 경험상, 아기들은 배가 고플 때 스스로 일어나는 경향이 있다.	main-forum	2.60
이것은 내가 일 년 내내 쌍둥이 소년들을 위해 모유를 퍼올린 개인적인 경험을 바탕으로 한 나의 조언이다.	나는 처음 3일이 가장 중요하다는 것을 이해한다. 그래서 그때 그렇게 하는 것이 중요하다.	main-forum	0.40
그것은 가능하지만, 그것은 유순한 여성 베타와 큰 탱크여야 할 것이다.	우리는 한 번은 지역사회 탱크에 남성 베타를 넣으려고 했다.	main-forum	2.40
거북이는 금붕어를 먹는 것을 좋아하고 입에 맞는 많은 것들을 좋아합니다.	첫째, 거북이들은 물고기가 친구가 아니라 음식이기 때문에 물고기를 먹고 있습니다.	main-forum	2.80
축출량이 정상이라는 점을 감안할 때, 그것을 줄이기 위해 당신이 할 수 있는 일은 없다고 생각합니다.	고양이가 가구와 옷에 묻히는 털의 양을 줄이기 위해, 여러분은 디셰더 브러시를 시도할 수 있습니다.	main-forum	2.00
"내가 다니오스에 대해 경험한 바에 따르면 그들은 항상 ""지배하는"" 물고기였다."	얼룩말 다니오스는 매우 단단한 물고기입니다. 그들은 거의 죽이기 어렵습니다.	main-forum	3.00
나는 고양이들이 다양한 이유로 쓰레기 상자를 사용하는 것을 좋아하지 않는 것을 보아왔다.	"켈타리는 좋은 생각이 있다고 생각해요. 고양이는 쓰레기에 대한 ""맛""을 바꿀 수 있습니다."	main-forum	2.60
고양이(그리고 일반적으로 모든 동물)는 질서나 정돈의 개념을 이해하지 못한다.	그들은 그 물건들을 집 주변에 두고 가거나 집의 정리를 해칠 의도가 없다.	main-forum	1.80
그것은 마치 당신의 고양이가 무언가에 대해 화가 난 것처럼 들리고, 그것을 당신에게 전달하려고 노력하는 것처럼 들린다.	뭔가가 당신의 고양이를 괴롭히고 있고 그는 그것을 좋아하지 않는다.	main-forum	3.80
나는 대부분의 고양이들이 사람들을 많이 핥지 않는다는 것을 알아차렸다.	고양이는 모든 종류의 이유에 기초하여 사람을 핥을 수도 있고 핥지 않을 수도 있다.	main-forum	3.00
당신은 물고기가 자연사했다고 어떻게 그렇게 확신할 수 있겠어요?	공격적인 탱크인 나의 200L 담수 탱크에서, 물고기들은 때때로 죽을 때까지 괴롭힘을 당한다.	main-forum	1.40
먼저, 개가 정말로 공격적인지 확인하기 위해 개의 신체 언어를 다시 확인합니다.	첫째, 이것은 여러분이나 여러분의 개의 문제가 아니라는 것을 깨달아야 합니다.	main-forum	1.60
물의 적절한 ph 수준은 물고기에 따라 약간 다르지만, 너무 산성인 것은 확실히 그들을 죽일 수 있다.	이전 답변에서 제공한 정보는 좋습니다.	main-forum	0.00
내 추측으로는 네 고양이는 네가 먹이를 주는 음식만 약간 좋아한다는 거야.	일부 연구자들은 집고양이들이 결코 완전히 정신적으로 성장하지 않는다고 믿고 고양이들은 항상 엄마처럼 당신을 바라본다.	main-forum	0.60
낡은 카펫으로 문 앞을 가리고 스테이플 건을 사용하여 고정합니다.	내가 이 문제를 파헤치기 시작했던 이유는 네가 질문으로 내 호기심을 자극해서...	main-forum	0.00
쥐로 바꾸어보세요; 더 작은 것이 필요하다면 새끼 쥐로.	이전 답변에서 언급했듯이 쥐와 게르빌루스쥐는 쥐 대신에 또는 쥐에 대한 교환으로 제공할 수 있습니다.	main-forum	3.40
이 동물을 수의사에게 바로 데려가야 합니다.	다른 답변에서 다루듯이, 당신의 유일한 선택은 수술을 하기 위해 수의사를 보는 것이다.	main-forum	3.60
알레르기의 주요 원인은 타액의 단백질이다.	동물, 특히 털이 많은 동물에 대한 알레르기는 종 특이적이 아닌 전체에 있을 수 있습니다.	main-forum	2.20
당신의 토끼가 약간 살을 찌는 것을 도울 몇 가지가 있다.	존 캐번은 그의 대답에서 토끼의 무게를 증가시키기 위한 합리적이고 적절한 방법을 가지고 있다.	main-forum	3.00
재고를 쌓는 것은 특정 서식 동물뿐만 아니라 설정 및 수족관 경험에 매우 주관적입니다.	여러분은 항상 천천히 수조에 물고기를 넣고 싶어 할 것입니다.	main-forum	1.80
가장 좋은 방법은 잠자리에 들기 전 저녁에 매일 밤 고양이와 놀아주는 것입니다.	내가 한 수법은 내 고양이들이 밤중에 나를 방해하면 붙잡아서 가까이 붙드는 것이었다.	main-forum	2.40
나는 베타스와 직접적인 경험이 없지만, 나는 쌍이 어떤 남자/여자 조합으로 장기적으로 작용할 것이라는 것을 들어본 적이 없다.	베타는 매우 영토적이며, 어떤 성별을 함께하게 하든 그들은 싸울 것이다.	main-forum	2.60
우리는 항상 그것을 버터나 정어리 위에 눌렀다.	우리는 매일 약을 복용해야 하는 고양이를 가지고 있었고, 그것은 고양이에게 약을 주는 것은 갈등이었다.	main-forum	1.40
내가 생각할 수 있는 가장 큰 이유는 네가 고양이의 방어 메커니즘을 없애고 있다는 것이다.	고양이들은 보통 발을 잡고, 만지거나, 혹은 그와 같은 것을 좋아하지 않는다.	main-forum	1.60
얼룩말 다니오스는 매우 단단한 물고기입니다. 그들은 거의 죽이기 어렵습니다.	아마도 다니오스는 환경이 필요한데, 이것은 여러분이 탱크에 적어도 5-8 다니오스가 필요하다는 것을 의미한다.	main-forum	1.60
소변을 보는 구역을 식초로 청소한다(나는 내 고양이 딸이 아기 고양이였을 때 그렇게 하곤 했다).	다른 사람들은 그 지역의 냄새를 중화시키는 방법에 대해 몇 가지 좋은 제안을 했다.	main-forum	1.40
아리스토텔레스는 우주 그 자체의 중심에 세계를 두지 않았다.	왜 아리스토텔레스는 지구를 무한 우주의 중심에 놓은 것일까?	main-forum	2.80
나는 실증주의가 대부분 좌파 철학자들의 입장이라고 생각하지 않는다.	나는 실증주의가 좌파 이데올로기와 일상적으로 연관되어 있다고 확신하지 않는다.	main-forum	3.80
어떤 존재에게는 비 물리적인 존재가 있을 수 있지만 당신의 마음속에는 있지 않을 수 있습니다.	모든 비물질적인 것들이 마음속에 존재하는 것은 아니기 때문에 그 차이는 크다.	main-forum	3.40
수학 철학에 능숙한 사람들은 철학자들이 아니라 수학자들이다.	내 동기는 내가 무언가를 뿌리에서부터 사물을 보고 올라가는 것을 좋아한다는 것이다.	main-forum	0.00
"""필요""와 ""충분한""의 차이는 논리적 화살표의 방향입니다."	충분한 것은 상한이고, 필요한 것은 하한이다.	main-forum	2.00
나는 왜 그것이 투표되었는지 모르겠다. 하지만 렉스 커의 대답은 질문을 구걸한다.	그것은 동어 법이지만 논리와 영어의 설명 사이의 매핑은 잘못되었다.	main-forum	0.00
"""접근성""과 ""결정""에 대한 한 가지 이해 하에서, 당신의 접근성 관계는 당신의 공리에 의해 결정된다는 것이 사실입니다."	접근성은 당신이 작업하고 있는 모달 논리의 공리에 의해 결정된다.	main-forum	3.80
나는 한때 강한 AI 지위를 가진 물리학자들을 만났다.	설이 잘못 알고 있다고 생각하지만, 나는 당신이 그 문제를 발견했다고 생각하지 않는다.	main-forum	0.20
진술이 모순이나 자기모순을 증명할 수 없는 경우, 시스템을 무효화하거나 할 무효화 되도록 발전할 수도 있습니다.	이 시점에 도착하는 것이 어떤 시스템이든 검사할 수 있는 초점이 되어야 하는가?	main-forum	0.60
문제는 (힌두교에서)이다; 당신은 임신 때문에 존재하는가?	최소한 그것은 우리가 배워야 할 능력과 '지식'을 가지고 태어나야 한다는 것이다.	main-forum	1.80
"나는 비트겐슈타인의 ""해결책""을 이해하기 위해서는, 당신은 원래의 (역사적) 맥락을 고려해야 한다고 생각한다."	비트겐슈타인은 러셀 자신이 어떻게 역설을 해결했는지를 암시하고 있다 - 파급된 유형의 이론이다.	main-forum	1.80
"소위 ""복잡한""또는 ""상상적인""수에 대해 배운 적이 있다는 것을 잠시 잊어버리십시오."	다른 사람들이 이미 언급했듯이, 숫자는 물론 추상적이다.	main-forum	1.20
시간의 문제는 매우 어려운 문제인데, 이것은 아리스토텔레스에서 하이데거로 철학자들이 다룬 것이다.	위키피디아는, 아마도 자기 교정 매체일지라도, 반드시 어떤 것에 대한 결정적인 설명은 아니다.	main-forum	0.00
모든 부정적인 주장이 긍정적인 주장으로 유효하게 재편될 수 있는 것은 아니다.	나는 증명의 부담이 긍정적이거나 부정적인 버전에 있다고 생각하지 않는다.	main-forum	1.00
내가 이해한 바와 같이, 변화하거나 작은 부분으로 분해될 수 있는 것은 본질적으로 진짜이다.	우리의 상호작용은 단지 우리가 지각하는 곳에 달려 있다.	main-forum	0.40
나는 모든 강력한 단일 신이 우리가 알고 있는 우주를 창조하는 시나리오를 상상할 수 있다.	"이것은 아리스토텔레스가 ""이동되지 않은 이동자""라고 부른 것과 같은 생각이다."	main-forum	0.80
여행용 삼각대가 필요할 때, 나는 또한 트레크포드를 선택했다.	여러분의 필요를 충족시킬 수 있는 대안적인 삼각대는 트레크포드입니다.	main-forum	3.00
빠른 그림 뷰어는 9.99달러의 저렴한 가격에 확장 팩을 가지고 있으며, 이 팩은 그것들을 모두 커버하는 것으로 보인다.	빠른 그림 뷰어는 9.99 달러이며 64 비트 윈도우 7 (나는 그것을 직접 사용하고 있다)에서 잘 작동합니다.	main-forum	3.80
캐논과 올림푸스에서 수중 보관을 이용할 수 있는 소형 카메라가 많이 있습니다.	올림푸스 터프 모델들 중 일부와 같이 10미터까지 가는 방수 콤팩트가 있다.	main-forum	3.20
조리개 및 초점 길이와는 별도로 카메라 - 피사체 거리와 함께 필드 깊이 또한 감소합니다.	구멍이 넓을수록 초점 깊이가 작아질 것입니다.	main-forum	2.60
렌즈에 인쇄될 때 F-스톱은 보통 결장과의 비율로 표현된다(즉, ).	최대 F-stop(효과 개구 직경에 대한 초점 길이의 비율로 정의됨)을 가리킨다.	main-forum	3.00
색상 관리를 지원하는 브라우저를 사용하면서 이미지에 색상 프로파일을 포함해야 합니다.	내 경험상, 최종 제작이 SRGB에 있을 때, 처음부터 끝까지 그 색상 프로파일을 사용하십시오.	main-forum	2.60
나는 몇 개의 니콘 렌즈와, 슈퍼 와이드 샷을 위한 시그마 10-20mm를 가지고 있다.	만약 당신의 관심이 주로 광학이라면, 브랜드 전체가 아니라 개별 렌즈를 볼 필요가 있다.	main-forum	1.80
나는 크기를 늘리는 가장 좋은 단일 방법은 없다는 것을 발견했다.	웹에서 사용하기 위해 이미지를 크기 조정하고 선명하게 만드는 다양한 솔루션이 있습니다.	main-forum	2.60
나는 윈도우에서 페인트 가게 프로와 DXO 광학 프로를 사용해 왔다.	리눅스에서 나는 비블을 사용하는데, 비블은 몇몇 단점이 있지만, 제가 생각하기에 그것은 유일한 심각한 선택지이다.	main-forum	0.80
이론상 6등급 카드는 550d(48mbit)에 대한 HD(1080 ) 비디오에 충분한 대역폭 이상이어야 한다.	일부 카드는 HD 스트림을 받아들이기에 너무 느려서 충분히 빠른 카드가 필요합니다.	main-forum	1.60
여기 많은 샘플들이 있습니다 : pbase.com에 있는 16K 사진 중, 나는 몇몇이 D700을 가지고 있다고 확신합니다.	그것은 1 : 1 렌즈이므로, 피사체의 크기가 센서에서와 동일한 크기라는 것을 의미합니다.	main-forum	0.60
여기서도 나는 50mm F / 1.4를 가지고 있으며, 나의 가장 빠른 렌즈로서 콘서트와 저광선 사진 촬영을 위해 그것을 사용하지 않고는 살 수 없었습니다.	나는 18-55, 50/1.8, 50/1.4 그리고 50/1.4를 가지고 있으며, 50d로 대체된 20d도 있다.	main-forum	2.60
나는 엘린크롬 스카이포트를 이용하지만, 돈이 문제가 되지 않는다면 포켓위저드에 가라.	아니면 그냥 극히 싼 용누오 RF-602를 가지고 가세요, 이것은 여러분에게 본전을 뽑을 수 있을 만한 가치를 줍니다.	main-forum	1.20
"짧은 대답은 ""예, 당신은 이걸 할 수 있습니다""입니다."	내 경험으로 말하자면, 나는 오히려 두 개의 편광자를 결합한 다른 ND 필터를 가지고 가고 싶다.	main-forum	0.00
"이 용어는 보통 ""파괴적 대 비파괴적"" 편집이라고 불린다."	무손실/비파괴 편집은 가역적이며 변환 및/또는 데이터를 역전될 수 있는 방식을 수반할 것입니다.	main-forum	2.40
가치 있는 것에 대해, 렌즈의 먼지는 당신이 생각하는 것만큼 해롭지 않을 수도 있습니다.	일반 식기 세척액은 기름을 녹일 뿐만 아니라 기름을 묶기 때문에 기름을 제거하는데 매우 좋다.	main-forum	0.40
대형 포맷 중고 카메라는 구입할 가치가 매우 많이 있습니다. 그들은 종종 매우 잘 관리되고, 코디가 된 게 아니라면.	만약 내가 선택해야 한다면, 린호프가 나의 선택이 될 것이다.	main-forum	0.60
anile, 결과의 차이가 분명히 있는데, 주로 이미지 품질에 있다.	사진 촬영을 배우고 싶다면, 거의 모든 카메라로 시작할 수 있을 것이다.	main-forum	1.00
얼리는 동작은 일반적으로 빠른 셔터 속도와 적절한 시간에 플래시와 같은 두 가지가 필요합니다.	@ personartphoto의 대답 외에도 당신은 플래시(내장 또는 더 나은 것, 외장)를 사용하여 모션을 동결할 수 있다.	main-forum	2.60
연방정부 결혼보호법은 헌법 9조와 10조의 개정안만큼 완전한 신앙과 신용 조항을 시험하지 않는다.	의회 법령으로서의 결혼보호법은 헌법의 완전한 신앙과 신용 조항을 위반할 수 없었다.	main-forum	4.00
공무원들은 법이 그들이 할 수 있도록 허용하기 때문에 노조를 만들 수 있다.	공무원들이 노조를 만들 수 있는 법적 이유는 다른 곳에서 설명되어 왔다.	main-forum	3.60
미국은 특정한 순서가 없는 몇 가지 이유로 더 작은 지하 경제를 가지고 있는 것으로 보인다.	미국에는 지하 경제를 이끄는 세 가지 주요 요인이 있다.	main-forum	2.60
의료보험에 관한 관점을 제쳐두고, 당신은 전쟁을 벌이는 것이 생명을 구하지 않는다는 결함이 있는 전제에서 일하고 있다.	의료보험은 아마도 오바마의 의료법이 생명을 구할 것이라는 당신의 묵시적인 주장을 거부할 것이다.	main-forum	1.60
대통령은 독일인들에게 그렇게 중요한 것은 아니다.	독일 대통령의 기능은 거의 그냥 대표직인 것이다.	main-forum	4.00
"""다수결의 원칙"" 체계에서 두 개 이상의 당사자를 유지하는 것은 어렵습니다."	다수결의 원칙'은 두 정당을 선호하지만, 그것은 확실히 제3자의 소외를 보장하지 않는다.	main-forum	3.00
물리학과 가장 흡사한 경제학의 부분은 미시경제학이라고 불린다.	우선, 나는 물리학자들이 항상 그들의 이론과 예측에 동의한다고 생각하지 않는다.	main-forum	0.60
우크라이나 동부의 카르키브에서 온 우크라이나 시민으로서 제 의견을 공유하겠습니다.	나는 이것이 보이는 것보다 더 철학적이고 윤리적인 질문이라고 확신한다.	main-forum	0.00
대부분의 사람들은 잘 살길 원할 뿐만 아니라 시간이 지남에 따라 더 잘 살길 원합니다.	우선, 경제 성장의 주요 동력은 자원, 기술, 그리고 기관이다.	main-forum	0.40
나는 그 현상이 공식적인 정치학적인 이름을 가지고 있는지 아직 대답할 수 없다.	이 질문에 당신이 제시한 관점에는 두 가지 문제가 있는데, 이는 겉보기에 모순을 설명해 준다.	main-forum	0.40
아니오, 환자 보호 및 저렴한 치료법에는 대통령이 부여한 과도기적 권한이 없습니다.	"규정의 작성에 힘입어 항상 ""과도적 권한""이 있다."	main-forum	2.00
러시아 연방법은 사실 이것에 대해 상당히 구체적이고, 주장한 것처럼 자의적이지 않다.	러시아에서의 마지막 대통령 선거는 2012년 3월 4일과 2011년 12월 4일에 두마를 위해 열렸다.	main-forum	0.60
이 질문은 이미 널리 논의되어 회의론자들에 대해 답변되었다.	최저임금법은 가장 숙련되지 않은, 가장 생산적이지 않은 사람들에게 가장 많은 해를 끼친다.	main-forum	0.00
시아파 무슬림에 따르면 특히 이란 국가와 헤즈볼라에 따르면 이스라엘이라고 불리는 나라는 존재하지 않는다.	팔레스틴의 정의와 마찬가지로 이스라엘에 대한 정의는 당신이 누구에게 묻느냐에 따라 달라진다.	main-forum	3.20
왜냐하면 그녀의 폐하가 법을 바꾸거나 거부권을 행사하는 더 효과적인 방법이 있기 때문입니다.	그들은 법을 거부하지 않는다. 왜냐하면 아무도 표현된 여왕의 의지에 반하는 법을 채택하지 않을 것이기 때문이다.	main-forum	2.80
절대다수는 항상 기관 또는 상황에 의해 정의됩니다.	인도와 같은 나라에서는, 모든 의회의 의석 중 2/3을 차지할 때, 절대다수를 차지한다.	main-forum	2.60
부르하우저 교수는 누가 최저임금 인상으로 피해를 입는지에 대해 광범위한 연구를 해왔다.	최저임금법은 가장 숙련되지 않은, 가장 생산적이지 않은 사람들에게 가장 많은 해를 끼친다.	main-forum	2.80
그 대학 선거구는 아일랜드가 독립한 1922년 영국에서 사용되는 대학 선거구를 모델로 하고 있다.	이것은 여전히 Gov 't의 대표적인 형식이지만 독특한 트위스트가 있습니다.	main-forum	0.20
주제 연구를 시작하기 전에, 무엇을 성취하고 싶은지 알아내라.	유진이 제안했듯이, 무엇을 이루고 싶은지 알아내려고 노력하세요.	main-forum	3.20
아래 일식은 내가 거의 매일 사용하는 일식 단축키 목록이다.	키보드 바로 가기를 사용하도록 자신을 훈련시키기 위해서는 며칠 동안 마우스 플러그를 뽑으십시오.	main-forum	0.60
다른 사람들이 언급했듯이, 아이 로봇 룸바는 의미 있는 일을 하는 가정용 로봇의 훌륭한 예이다.	나는 바닥 청소를 위한 아이로봇 룸바에 만족했다.	main-forum	3.60
내가 기억하려고 하는 중요한 것은 단지 주의를 기울이는 것이다.	나는 이 질문을 한 이후 이 주제에 대해 읽고 있다.	main-forum	0.00
나는 당신이 이것에 약간의 통계적 사고를 적용할 필요가 있다고 생각한다.	낙담하지 않는 한 가지 일반적인 열쇠는 자신을 다른 사람들과 비교하는 것을 피하는 것이다.	main-forum	0.00
빠른 연구(1, 2)는 카페인의 농도가 섭취 후 약 30-60분 정도 최고조에 달하는 것으로 보인다는 것을 보여주었다.	문제는 그것이 결코 그 진정한 의미에서 유용해지지 않는다는 것이다.	main-forum	0.00
여기 내가 알아차리지 못한 사이 개발시킨 기술이 있다: 다중 브라우저.	나는 당신의 시간을 추적하는 것이 해결책의 기반이라는 다른 사람들의 의견에 동의한다.	main-forum	0.00
나는 직장에 서있는/앉아 있는 책상이 있고 정말 마음에 든다.	다른 응답자들에 의해 언급된 바와 같이, 서있는 책상을 사용하는 것이 반드시 완벽한 해결책은 아니라는 것이 밝혀졌다.	main-forum	2.20
그 질문이 대답이 되었음에도 불구하고 나는 내 대답을 덧붙이고 싶다.	내가 이 말을 해야 할지 모르겠지만, 당신의 일이 당신을 불안하게 만든다면.	main-forum	0.00
당신의 뇌는 이미 당신의 시야의 끝을 보고, 아래로 감기 시작한다.	동기부여에 도움이 될 만한 몇 가지 조언을 여기 쓰고 있습니다.	main-forum	0.40
전통적인 포모도로 기술을 고수하기 위해 이것은 방해물로 여겨진다.	대부분의 브라우저에서 실제로 이 기능만을 수행하기 위한 기능이 이미 있습니다.	main-forum	0.00
나는 90일이 단일 기간 동안 계획할 수 있는 가장 절대적인 것이라고 생각한다.	확실히 한 달 전에 계획하라 - 당신의 계획이 바뀌는 것은 전적으로 괜찮다 - 그들이 하는 것처럼 그것을 수정하라.	main-forum	2.60
"사용자들은 그/그녀 자신을 매크로와 같은 ""명백한"" 효율 도구의 비용 / 이익을 평가해야 합니다."	그들에게 특정한 대답이나 방법을 강요하는 대신에.	main-forum	0.80
나는 일정을 정하고 직장에 가는 의식을 완수하는 것에 관한 이전의 대답이 좋다.	3 패널 화면을 구입하여 작업 영역을 수면 영역과 분리하는 데 사용합니다.	main-forum	0.40
"나는 David Allen의 책인 ""일을 해내는 것""을 읽는 것으로 시작할 것이다."	나는 데이비드 앨런이 광고하는 GTD(일을 끝내는 것) 시스템에 매달 48달러를 쓰는 것을 고려하고 있다.	main-forum	3.00
공부를 한 후에 머리를 맑게 하는 가장 좋은 방법은 활발한 신체 운동을 하는 것이다.	나에게 효과가 있는 것은 주제를 바꾸고 자주 쉬는 것이다.	main-forum	2.20
나는 조쉬 브루스의 조언 중 일부에 대해 동의하지 않는다.	연구는 공부 후에 자는 것이 꽤 좋은 경험 법칙이라는 것을 보여준다.	main-forum	0.60
현재 나는 순수 디지털 GTD 설정에 상당히 근접해 있다. 하지만 이것은 약간의 개선과 조정으로도 가능했다.	내 GTD 시스템은 사실상 100% 전자제품이다. 여기 자세히 설명되어 있는 것처럼.	main-forum	3.40
두려움을 느끼고, 어쨌든 해라, 그 책은 두려움을 느끼라고 추천한다.	두려움에 직면하고 놀이기구를 즐기기 위한 13가지 팁은 흥미롭게 보인다.	main-forum	2.20
나는 최근에 이케아로부터 2개의 좌석/스탠드 갤런트 테이블을 샀고, 나는 그것들에 만족한다.	htt : / / www.varidesk.com /에 대한 설계 템플릿을 얻을 수 있는 수제 / DIY 버전도 있습니다.	main-forum	1.80
나는 나에게 가장 좋은 것은 적절하고 일관된 수면 스케줄을 갖는 것이라고 말할 것이다.	IOS에는 이상한 알람도 있습니다. 이는 알람이 꺼지기 전에 간단한 논리 / 수학 문제를 해결하게 합니다.	main-forum	0.80
일부 연구는 개방 공간 환경이 방해, 스트레스 및 소음으로 인해 2-10 %의 작업 효율을 낮춘다는 것을 제안합니다.	도움이 될 수 있는 그룹이라는 아이폰 앱이 있다.	main-forum	0.00
경험 : 당신은 당신의 프로젝트/사무실에서 더 경험이 많은 다른 동료들이 어떤 것들을 빨리 이해한다는 것을 알아차렸을 것이다.	나는 학습 태도가 스스로 배운 사람의 설립 기술이라고 생각한다.	main-forum	1.60
제한된 지역에서 방황할 자격이 있는 사람들이 비교적 좁다.	수도는 제한된 지역으로 향하는 사람들을 심하게 처벌한다(예: ).	main-forum	2.80
"나는 ""가장 광범위한""이라는 별명이 도로시 존스 하이트의 언어에 적용되어야 한다는 것에 동의하지 않는다."	가장 광범위한 불칸 언어는 60년대 팬들에 의해 만들어졌는데, 특히 언어학자인 도로시 존스 하이트에 의해 만들어졌다.	main-forum	1.67
나는 그것이 일종의 고리 세계라고 믿는 경향이 있다.	그것은 공허하지 않고, 우리의 세계와 똑같이 둥글다.	main-forum	1.80
한편으로는, 캐논에는 시간 전환기가 제시간에 앞으로 나아갈 수 있다고 제안할 만한 것이 아무것도 없다.	시간 전환기는 시간으로 되돌아가는 데 사용하기 위한 것이라고 명시적으로 언급되었다.	main-forum	2.80
나는 세인트 틴지의 론 무어에게 스토리 아이디어를 던지도록 초대받았다.	그것은 분명히 해를 끼치지 않고 필드를 떠날 수 있습니다 - 그것은 일어났습니다.	main-forum	0.00
우선, 주문을 거는 데 3가지 주요 특징이 있는 것 같다고 말해두죠.	나는 항상 해리가 다른 요소들보다 혼혈 왕자로부터 더 잘 배우는 것 같다고 생각했다.	main-forum	0.60
나는 아틀란티스를 먼저 보면서 스타게이트 시리즈를 보기 시작했다!	아틀란티스와 우주에 대한 심층적인 분석 없이, 나는 가능한 한 간결하게 시도할 것이다.	main-forum	1.80
나는 다이슨 구가 가장 현실적인 구라고 투표했다.	앨런 스틸의 책 헥스는 다이슨 구를 묘사하지만 육각형들로 만들어졌다, 1000마일(k?	main-forum	0.40
에이미가 침묵이 그녀를 사로잡기 전에 그 여자를 보았기 때문에 시즌이 시작되기 전이었다.	정확한 시간표는 아직 나열되지 않았지만, 우리가 할 수 있는 몇 가지 가정이 있다.	main-forum	0.20
두 개 혹은 그 이상의 충돌한 평행한 세계가 있습니다.	우리의 용감한 영웅들은 우주복에 있던 아이를 쫓지 않았다.	main-forum	0.00
딕은 과학인이 아니라 아이디어맨이고, 사교적인 사람이었다.	필립 케이딕의 작품들은 대부분은 적어도 하드한 공상 과학은 아니다.	main-forum	1.40
"먼저, 우리는 ""구체""가 덜 딱딱하고 부드러운 Sf, 스릴러, 공항 소설 및 그러한 것들임을 고려해야 합니다."	"실제 우주선의 ""지느러미""는 일반적으로 태양 전지판 또는 열 방사기 두 가지 목적 중 하나입니다."	main-forum	0.00
캐논에 따르면, 레이아는 전투, 특히 사격(이것은 EU 서적에서 나온 것)의 전문가였다.	실제 전투에서는 대부분의 화재가 적을 죽이는 것이 아닌, 진압하는 데 사용됩니다.	main-forum	0.60
나는 우리가 포유류 종 분화에 대한 확실한 이론을 가지고 있다고 생각하지 않는다.	짧은 대답은 진화가 인간에게 아가미를 만들 수 없었다는 것이다.	main-forum	0.80
2006년도 발행 표지, 질문의 선택 B는 2006년 버전입니다.	위키피디아의 시간 여행 규칙의 편집은 이 주제에 대해 확인할 수 있는 좋은 자료이다.	main-forum	0.20
수화는 의미, 감정 또는 의도를 전달할 음색이 없기 때문에 아마도 수화일 것입니다.	신체 자세가 모든 언어에서 큰 역할을 한다고 말하는 것이 더 안전하다.	main-forum	2.20
함대의 관점에서 볼 때, 은하의 나머지 부분들이 이동하고 시간 팽창을 경험하는 것입니다.	음, 그것은 실제로 그가 그곳에 얼마나 오래 있었는지, 그리고 함대의 정확한 속도에 달려 있습니다.	main-forum	1.80
이 아이디어는 신화와 스토리텔링의 시작부터 계속되어 왔다.	슈퍼히어로들의 이면에 있는 과학은 이 주제에 대해 약간의 빛을 비춰 줄지도 모른다.	main-forum	0.20
D/L 방법을 적용한 후에도 경기가 동점일 수 있는가?	예, D / L 방법을 적용한 후에도 경기가 동점을 얻는 것이 가능합니다.	main-forum	4.00
네, 팀은 볼링과 타격 모두에 같은 선수를 사용할 수 있습니다.	슈퍼 오버에서는 볼링 / 타격을 위해 어떤 선수를 선택할 수 있는지 결정하는 규칙이 없습니다.	main-forum	4.20
그것은 단순히 볼링 된 공의 수를 취한 삼주문 수로 나눈 것입니다.	볼링 타격률은 볼링 선수에게 사용된 삼주문 당 볼링 된 볼의 평균 수로 정의됩니다.	main-forum	4.40
예, 물론 - 받는 선수는 서브를 반환하기 전에 공을 튕겨야 합니다 - 또는 실제로 어떤 샷도.	예, 받는 선수는 공이 그의 플레이 영역에 닿을 때까지 기다려야 합니다. 그렇지 않으면 방해받는 것으로 간주됩니다.	main-forum	3.00
우리는 단지 Fartlek을 체력 측정으로, 그리고 약간의 재미로 사용했다.	Fartlek은 적절한 인터벌 트레이닝보다 더 효과적이지 않다 - 단지 더 재미있을 뿐이다!	main-forum	2.60
두 팀이 치는 4개의 수도 같다면 두 팀은 각각 1점을 얻을 것입니다.	슈퍼 오버에서 두 팀이 득점한 득점이 같다면 이 규칙은 ...이다	main-forum	0.60
여성들은 1900년 올림픽에서 크로켓의 현대 올림픽에서 처음 등장했습니다.	두 번째 현대 올림픽 경기인, 1900년도에, 22명의 여성들이 테니스, 항해, 크로켓, 승마, 골프 등 5 가지 종목에서 경쟁했습니다.	main-forum	3.20
팀을 위해 말하기는 어렵고, 그들의 드래프트에 들어가는 그들의 전략이 무엇인지 안다.	새로운 단체협상 협정으로 드래프트는 극적으로 바뀌었다.	main-forum	2.60
골프를 치기 위해, 가장 먼저 필요한 것은 클럽 세트입니다.	최근에 내가 직접 그 스포츠를 시작한 이후로, 나는 너의 불편함을 느낀다.	main-forum	1.20
예, 이슬(환경의 젖음) 요인은 경기의 방향을 바꿀 수 있다.	이슬 인자의 또 다른 단점은 경계를 맞추는 것을 어렵게 만든다는 것이다.	main-forum	3.00
네 글을 읽으면서 내 어린 시절을 생각하게 됐어!	나는 네가 더 큰 그림에서 주의를 분산시킬 필요가 있다고 말하고 싶다.	main-forum	0.00
프로 축구에서 비디오 플레이를 구현하지 못한 것은 타당한 이유가 없다.	게임의 흐름을 방해하는 것 이상의 즉각적인 재생을 적용하는 데 또 다른 문제가 있습니다.	main-forum	2.60
기본적으로, 규칙은 누군가가 공을 잡을 때까지 사람이 아닌 경기를 해야 한다는 것입니다.	그것은 이해하기가 상당히 간단하고, 심판하기가 다소 어렵다.	main-forum	1.20
최고 수준에서, 페이스 세터는 그들이 경기 계획을 정확히 충족시키는 것을 돕는다.	개인적인 경험에서 나는 페이스 세터가 믿을 수 없을 정도로 도움이 된다는 것을 알았다.	main-forum	2.80
나는 꽤 논리적인 추측인 세 가지 주요 요인을 생각할 수 있다.	축구/축구에서 홈 구역 이점을 논하는 연구가 꽤 많이 있었다.	main-forum	0.20
공중에서 공의 움직임을 스윙 볼링이라고 한다.	이 두 가지 볼링 스타일은 중간 속도 또는 빠른 볼링 선수인 볼링 선수에 의해 수행됩니다.	main-forum	1.80
사실, 같은 대륙에 있지 않는 것을 세는 것이 훨씬 더 쉽습니다.	그것은 또한 여러분이 시간에 집중한다면, 그것은 마라톤에서도 권장된 전략입니다.	main-forum	0.00
황색 투광 조명 아래의 붉은 공은 피치의 색과 매우 유사한 갈색을 띤 색을 취합니다.	나는 너무나도 취미로서 수영선수이지만 나의 철인 3종 경기 훈련의 일부이다.	main-forum	0.00
아니요, 맨 오브 더 매치 상을 수여하는 데 대한 구체적인 기준은 없습니다.	규칙에 따라, MOM 상은 논평 패널에 의해 결정됩니다.	main-forum	3.00
구체적인 내용은 생각할 수 없지만, 나는 수년 전의 이 시나리오를 기억하는 것 같다.	크리켓의 법칙은 합의된 길이가 무엇이든지 간에 어떤 이닝도 선언할 수 있다고 말한다.	main-forum	0.00
"FIFA의 ""장비 규정"", 22 절에 따라 골키퍼 만이 모자를 착용할 수 있습니다."	헤드기어는 착용이 허용되지만 골키퍼 이외의 다른 사람에게는 권장되지 않습니다.	main-forum	2.40
네가 하키를 시작했다는 말을 들으니 기쁘다, 그것은 대단한 스포츠 야!	일반적인 경험의 법칙은 5-6시간마다 스케이트를 타는 것이다.	main-forum	0.40
후반전을 전반전보다 1-2분 더 빨리 운영하는 것을 선호한다.	나는 전반전에는 확실히 약간 더 느리게 갈 것이다.	main-forum	2.60
그녀가 1라운드에서 리나와 마주친 것은 무작위였다 - 그녀가 시드/ 랭킹 127위이기 때문은 아니다.	이것은 논평하기에는 너무 길어서 나는 그것을 CW-답으로 게시하고 있다.	main-forum	0.00
대부분의 경우 어느 미국 영사관에서도 지원할 수 있습니다.	일반적으로 당신은 당신의 거주지에 있는 미국 영사관에 지원해야 합니다.	main-forum	3.60
한 항공사인 스피릿 항공사가 있는데, 이 항공사는 라이언에어를 매우 싼 티켓과 극적으로 나쁜 서비스로 따라 하려고 하고 있다.	낮은 요금으로 항공편을 운항하는 항공사가 몇 개 있다.	main-forum	1.80
나는 당신이 당신의 지방에서 은행을 찾는 것을 제안하고, 그들과 함께 유로로 표시된 은행 계좌를 함께 개설하는 것을 고려해 보라.	당신이 거주자가 아니라면 프랑스에서 은행 계좌를 개설할 수 있을지 확신할 수 없습니다.	main-forum	1.60
내가 기억하는 바와 같이, 제네바에는 적어도 매주 노천 시장이 있다.	이 페이지에는 스위스의 모든 대형 크리스마스 시장이 나열되어 있다.	main-forum	2.00
내 경험상 일반 택시는 항상 더 싸다.	일반 택시를 이용할 때는 평판이 좋은 회사인지 아니면 선불 요금에 동의하는지 확인하십시오.	main-forum	2.00
나는 비슷한 문제를 가지고 있었지만, 더 단순한 상황으로 보였다.	런던 히드로 공항으로 환승할 때 나도 같은 일을 하려고 합니다.	main-forum	0.00
기술적인 정지는 비행기의 이익을 위한 것이다.	보통은 연료 보급소인데, 비행기에 앉아만 있어.	main-forum	2.60
교토 , 적어도 여기에 설명된 바와 같이 그렇다, JR 교토역 .	동전 락커는 일본의 대부분의 역의 특징이다.	main-forum	0.40
이것에 대한 괴짜의 대답과 이것에 대한 실질적인 대답이 있다.	항공사들이 이것들을 가끔 꺼달라고 요청하는 것을 본 적이 있다는 것은 정말 터무니없는 일이다.	main-forum	0.00
나는 8월에 리마에서 시작하여 3주 동안 여행하면서 페루를 방문했다.	쿠스코 : 높이 : 70f 낮은 : 40f 이것은 장마 직전 (Dec-mar)이고 군중은 일반적으로 덜합니다.	main-forum	0.20
일반적으로, 거의 내가 가는 곳마다, 나는 현금 인출기에서 돈을 얻는 것이 가장 쉽다는 것을 알게 된다.	도시 전역, 특히 도심에는 많은 현금지급기와 환전소가 있다.	main-forum	1.80
가장 분명한 것은 스코틀랜드에서 가장 오래된 장거리 산책이다: 서쪽 고원도로	이것 좀 보세요: http : / www.capewrathtrail.co.uk / 여러분은 그것을 단계적으로 할 수 있습니다.	main-forum	1.60
그 대답은 당신이 어떤 나라로 여행하고 있는지에 크게 달려 있을 것이다.	항상 많은 처방약을 가지고 여행해온 사람으로서, 나는 항상 그것을 선언한다.	main-forum	1.00
Knin을 경유하는 열차가 있는데, 이는 내륙으로의 큰 우회로를 의미한다(단지 해안선이 없다).	다른 사람들이 말했던 것처럼, 만약 당신이 최고의 대중교통 서비스를 분할하고 싶다면 버스로 제공하는 것이다.	main-forum	0.60
여행으로 화물선에 타는 게 여행으로 쳐질까요?	오즈버스는 남아메리카에서 29주 동안의 투어를 제공하며, 키토에서 시작하고 마무리한다.	main-forum	1.00
영어는 사람들이 물건을 사고팔고 숙박과 관광 산업에서 종사하는 사람들과 함께 모든 곳에서 활용됩니다.	나는 마하라슈트라(뭄바이 포함)와 안드라 프라데시를 여행했고 나는 영어만 가지고도 잘 버틸 수 있었다.	main-forum	2.80
나는 이중 목표가 적대자의 목적과 많은 관련이 있다고 생각한다.	나는 그것이 이유가 무엇인지에 달려있다고 생각한다.	main-forum	2.60
"""단순한 샘플 서비스""라는 문구에는 아무 문제가 없다."	"혼란스러운 반복을 피하기 위해 필요한 최소한의 변화는 단지 ""단순한 예시 서비스""라고 부르는 것입니다."	main-forum	3.40
나는 y 작가와 이야기책을 좋아하지 않았기 때문에 나만의 도구를 시작했다.	위에서 언급한 많은 것들을 시도해봤지만, 그들은 나에게 실제로 유용했던 적은 없다.	main-forum	1.60
예, 이것은 여러분이 독자들이 알아차리기를 원하는 특정한 것들을 강조할 수 있게 해주기 때문에 괜찮습니다.	나는 이것이 완벽하게 수용될 수 있고 당신의 요점을 강조하는 것에 좋은 일을 한다고 믿는다.	main-forum	4.00
소설의 경우, 나는 블로그들이 인쇄물이나 전자책으로 출판되는 것을 보여주는 증거가 거의 없다.	당신의 질문에 답하기 위해, 네, 저는 당신의 소설을 블로그로 올리는 것이 당신의 시도가 나중에 전통적으로 출판되려는 시도에 해가 될 것이라고 생각합니다.	main-forum	1.80
데이비드 웨버의 '전쟁의 신'은 그가 꽤 잘하는 긴 여행 장면을 가지고 있다.	오디세이 설화에서 양념으로 사용되어야 할 한 가지는 잘못된 목적지에 대한 생각이다.	main-forum	0.20
해결책을 시도하기 전에 문제를 정의해야 합니다.	같은 대사를 반복해서 읽기 시작할 때마다, 나는 스키밍을 시작한다.	main-forum	0.00
당신의 걱정은 타당한 것이다; 독자는 이것에 좌절할 수 있다.	나는 캐릭터의 이름을 알지 못하는 것이 당신이 그렇게 하지 않는 한 혼란스러울 것이라고 믿지 않는다.	main-forum	1.40
아니, 너는 수업을 들었거나 너의 분야에서 학위를 받았을 필요가 없어.	나는 의료 정보 시스템을 위해 꽤 많은 기술적인 글을 썼다.	main-forum	0.00
여러분이 신화에 대해 잊고 있는 것 같은 한 가지는, 그것들은 매우 널리 퍼져있는 이야기들이라는 것입니다.	"나는 당신이 ""영화 비평가""는 영화에서 신화적인 언급을 즐긴다고 말하는 것을 인지했지만, 관객들은 그런가요?"	main-forum	1.20
우리는 최근에 이것을 언급했고, 제안된 훌륭한 대답은 오리발이었다.	로렌 입섬이 제안한 기예메츠는 좋은 선택이다.	main-forum	3.60
내가 절대적으로 싫어하는 악당들은 이기적이고 자기 이익 추구적이지만 그들은 또한 겁쟁이들이다.	당신이 무너뜨리고 싶은 악당은, 그/그녀의 핵심에 있고, 다른 사람들의 고통에 대해 신경 쓰지 않는 사람입니다.	main-forum	3.00
당신은 당신에게 효과가 있는 한, 그 책을 어떤 방법으로든 쓸 수 있다.	글쓰기(때로는 돌아가서 검토해야 한다) 옵션에 한해서 시퀀스는 글쓴이가 가지고 있지 않는 옵션이다.	main-forum	1.20
예, 지루한 대화는 완전히 제거되어야 합니다(또는 흥미로운 대화 상자로 변환).	나는 로렌의 대답에 동의한다: 너는 어떤 이야기에서든 높은 것과 낮은 것이 필요하다.	main-forum	1.80
당신의 질문에 대한 답은: 그것은 작가가 어떻게 일하는가에 달려있다.	처음에는, 나는 이것이 약간 까다로운 질문이라고 생각했다.	main-forum	0.80
웹스터의 신세계 운율 사전 : 클레멘트 우드의 업데이트된 이것은 제가 찾는 첫 번째 운율 사전입니다.	http : / / www.rhymezone.com / 단어를 입력한 다음, 다음 중 하나를 선택합니다.	main-forum	1.20
욕하지 않고도 쉽게 욕을 할 수 있다는 것을 명심하라.	나는 스티븐 킹의 발언이 이 점에서 도움이 된다고 생각한다.	main-forum	0.00
요즘의 이 구글링의 시대에는 인용문의 출처를 찾지 못하는 것은 부주의한 짓이다.	나는 케이트 셔우드의 의견에 동의한다. 요즘은 간단한 사실 확인을 통해 대부분의 인용문의 속성을 나타낼 수 있어야 한다.	main-forum	3.20
나는 워크플로우에서 나의 개요/작성 작업을 많이 해 왔다.	내가 다시 스크리브너를 위해 드럼을 치는 것이 허용됐는가?	main-forum	0.20
